{"Condition number":{"0":62.4751388457,"1":62.4751388457,"2":62.4751388457,"3":62.4751388457,"4":62.4751388457,"5":62.4751388457,"6":62.4751388457},"norm(yk)":{"0":1.7725695981,"1":1.7725695981,"2":1.7725695981,"3":1.7725695981,"4":1.7725695981,"5":1.7725695981,"6":1.7725695981},"training_cost":{"0":[0.321989417,0.3848525354,0.3861776372,0.270102635,0.2693573504,0.2774347031,0.2907116931,0.4326641473,0.2310055378,0.3568579271,0.1801831201,0.172635708,0.1659386729,0.0814091432,0.0222234198],"1":[0.1928266046,0.470241956,0.3139225734,0.1686209919,0.2840063365,0.2906282067,0.2730850988,0.2931939929,0.2590875135,0.3044873622,0.1646597707,0.2078444792,0.1370487535,0.2056044854,0.1233966222],"2":[0.3373985542,0.4183864741,0.3304321098,0.4313949999,0.4460055979,0.4115143374,0.3886785217,0.2503256109,0.3555340977,0.3772370521,0.1368658438,0.2673765752,0.120986704,0.2279591459,0.1258764369],"3":[0.3584006831,0.4903861278,0.4049078258,0.4168302978,0.3415241864,0.4414978225,0.4131496213,0.217982143,0.2785687588,0.2973457455,0.1317876181,0.0682384949,0.1608722507,0.1344230944,0.1124270823],"4":[0.3373985542,0.4183864741,0.3304321098,0.4313949999,0.4460055979,0.4115143374,0.3886785217,0.2503256109,0.3555340977,0.3772370521,0.1368658438,0.2673765752,0.120986704,0.2279591459,0.1258764369],"5":[0.3538146684,0.1929089465,0.2643722969,0.1984538528,0.3975163983,0.4155886444,0.3095044521,0.3672300809,0.2949142947,0.1424569706,0.0656395648,0.2213505585,0.1647635843,0.1194979247,0.100757204],"6":[0.4437468137,0.4546729433,0.4532835658,0.3729480972,0.4194594407,0.4302882546,0.3448343312,0.4333492139,0.4041164469,0.3253173028,0.1753349691,0.2711319017,0.187103867,0.2746510757,0.12148692]},"exe_time":{"0":1701.9566614628,"1":1706.5658147335,"2":1706.8665482998,"3":1728.3533277512,"4":1705.154494524,"5":1703.3294930458,"6":1708.7194917202},"in_train_weights":{"0":[[2.783075669,2.477402057,1.3343227776,1.5044133646,0.0011123115,2.6903564207,1.1099928361,1.5291672261,1.3863003489],[3.783075669,2.477402057,1.3343227776,1.5044133646,0.0011123115,2.6903564207,1.1099928361,1.5291672261,1.3863003489],[2.783075669,3.477402057,1.3343227776,1.5044133646,0.0011123115,2.6903564207,1.1099928361,1.5291672261,1.3863003489],[2.783075669,2.477402057,2.3343227776,1.5044133646,0.0011123115,2.6903564207,1.1099928361,1.5291672261,1.3863003489],[2.783075669,2.477402057,2.3343227776,2.5044133646,0.0011123115,2.6903564207,1.1099928361,1.5291672261,1.3863003489],[2.783075669,2.477402057,2.3343227776,2.5044133646,1.0011123115,2.6903564207,1.1099928361,1.5291672261,1.3863003489],[2.783075669,2.477402057,2.3343227776,2.5044133646,0.0011123115,3.6903564207,1.1099928361,1.5291672261,1.3863003489],[2.783075669,2.477402057,2.3343227776,2.5044133646,0.0011123115,2.6903564207,2.1099928361,1.5291672261,1.3863003489],[2.783075669,2.477402057,2.3343227776,2.5044133646,0.0011123115,2.6903564207,1.1099928361,2.5291672261,1.3863003489],[2.783075669,2.477402057,2.3343227776,2.5044133646,0.0011123115,2.6903564207,1.1099928361,2.5291672261,2.3863003489],[2.5156692325,2.2043589173,2.5550381958,2.5075836476,-0.0332470418,2.5995195545,0.4153201937,2.6923077415,0.8509508503],[2.4191334022,3.1421166149,2.6347182007,2.5087281448,-0.0456510391,2.5667267302,0.1645378967,2.7512027529,0.6576854635],[2.885755627,3.1421166149,2.6347182007,2.5087281448,-0.0456510391,2.5667267302,-0.0150830912,2.7512027529,0.6576854635],[3.0906575297,3.0742841262,2.9724507542,2.5135792231,-0.0982267595,2.4277307008,0.2745299924,3.0008358021,-0.1614913508],[3.1768501707,3.0133405755,2.3568173964,2.5179376352,-0.1454629903,2.3028508425,0.2804048445,3.2251165958,-0.8974741335]],"1":[[0.8646469423,2.0082026625,1.9600371821,2.4442919968,1.5020379519,3.0132079685,3.1335319762,2.6154175934,0.6403981178],[1.8646469423,2.0082026625,1.9600371821,2.4442919968,1.5020379519,3.0132079685,3.1335319762,2.6154175934,0.6403981178],[0.8646469423,3.0082026625,1.9600371821,2.4442919968,1.5020379519,3.0132079685,3.1335319762,2.6154175934,0.6403981178],[0.8646469423,2.0082026625,2.9600371821,2.4442919968,1.5020379519,3.0132079685,3.1335319762,2.6154175934,0.6403981178],[0.8646469423,2.0082026625,2.9600371821,3.4442919968,1.5020379519,3.0132079685,3.1335319762,2.6154175934,0.6403981178],[0.8646469423,2.0082026625,2.9600371821,2.4442919968,2.5020379519,3.0132079685,3.1335319762,2.6154175934,0.6403981178],[0.8646469423,2.0082026625,2.9600371821,2.4442919968,1.5020379519,4.0132079685,3.1335319762,2.6154175934,0.6403981178],[0.8646469423,2.0082026625,2.9600371821,2.4442919968,1.5020379519,3.0132079685,4.1335319762,2.6154175934,0.6403981178],[0.8646469423,2.0082026625,2.9600371821,2.4442919968,1.5020379519,3.0132079685,3.1335319762,3.6154175934,0.6403981178],[0.8646469423,2.0082026625,2.9600371821,2.4442919968,1.5020379519,3.0132079685,3.1335319762,2.6154175934,1.6403981178],[0.1986062399,1.7174658892,3.0181519303,2.1672657416,1.2091133871,2.7624022839,2.8344472693,2.3982184178,0.314199397],[0.5686951715,1.586422447,3.0443459221,2.042402025,1.0770838443,2.6493569341,2.6996411728,2.3003204901,0.1671722332],[0.1986062399,1.9040957885,3.0181519303,2.1672657416,1.2091133871,2.7624022839,2.8344472693,2.3982184178,0.1478585401],[0.1346462992,2.262783516,3.0412281315,2.057264171,1.0927989167,2.6628123761,2.71568673,2.3119729808,0.3920507527],[0.1986062399,1.9040957885,3.0181519303,2.1672657416,1.0305069139,2.7624022839,3.0093750479,2.3982184178,0.1478585401]],"2":[[0.3353279521,2.1499257892,1.6806346287,1.1598354081,1.2962671335,1.8467773121,2.2496121527,0.5445449428,0.2096770988],[1.3353279521,2.1499257892,1.6806346287,1.1598354081,1.2962671335,1.8467773121,2.2496121527,0.5445449428,0.2096770988],[0.3353279521,3.1499257892,1.6806346287,1.1598354081,1.2962671335,1.8467773121,2.2496121527,0.5445449428,0.2096770988],[0.3353279521,3.1499257892,2.6806346287,1.1598354081,1.2962671335,1.8467773121,2.2496121527,0.5445449428,0.2096770988],[0.3353279521,3.1499257892,1.6806346287,2.1598354081,1.2962671335,1.8467773121,2.2496121527,0.5445449428,0.2096770988],[0.3353279521,3.1499257892,1.6806346287,1.1598354081,2.2962671335,1.8467773121,2.2496121527,0.5445449428,0.2096770988],[0.3353279521,3.1499257892,1.6806346287,1.1598354081,1.2962671335,2.8467773121,2.2496121527,0.5445449428,0.2096770988],[0.3353279521,3.1499257892,1.6806346287,1.1598354081,1.2962671335,1.8467773121,3.2496121527,0.5445449428,0.2096770988],[0.3353279521,3.1499257892,1.6806346287,1.1598354081,1.2962671335,1.8467773121,3.2496121527,1.5445449428,0.2096770988],[0.3353279521,3.1499257892,1.6806346287,1.1598354081,1.2962671335,1.8467773121,3.2496121527,0.5445449428,1.2096770988],[0.0370408784,3.1755839408,1.3087776274,0.7341660291,0.9976327145,1.6322496173,3.5446528598,0.1570509598,-0.2577511604],[0.9030715198,3.1890246562,1.1139847906,0.5111842227,0.8411966505,1.5198718535,3.6992064009,-0.0459331227,-0.5026078562],[0.0880035784,3.1755839408,1.3087776274,1.2007802386,0.9976327145,1.6322496173,3.6441080134,0.0575958061,-0.357206314],[-0.7093781127,3.2010326946,0.9399553748,1.3171102089,0.7014354701,1.4194726967,3.7052341808,-0.0952291202,-0.5893131679],[0.0880035784,3.1755839408,1.6218589852,1.2007802386,0.6077865097,1.6322496173,3.6441080134,0.0575958061,-0.357206314]],