{"exe_time":{"0":132.375428915,"1":131.4728462696,"2":136.7945435047,"3":134.2118535042,"4":135.0313477516,"5":135.2626333237,"6":133.8814365864,"7":131.8582310677,"8":133.2363843918,"9":137.6134066582,"10":133.3739144802,"11":132.9480888844,"12":134.3726503849,"13":132.6904883385,"14":133.6247830391,"15":134.8698337078,"16":130.8053269386,"17":134.476555109,"18":134.1983075142,"19":134.9790799618,"20":133.8774151802,"21":133.8972656727,"22":133.5496881008,"23":137.2345490456,"24":134.9392790794},"rmse":{"0":0.1615820565,"1":0.1542651451,"2":0.1604495232,"3":0.1548090923,"4":0.1627503487,"5":0.1589389189,"6":0.1628833047,"7":0.1612104553,"8":0.1619491774,"9":0.1594188862,"10":0.1601283881,"11":0.1604194032,"12":0.1626104577,"13":0.1609672631,"14":0.1613036015,"15":0.159691942,"16":0.1621188085,"17":0.1553383663,"18":0.1607146632,"19":0.1612658362,"20":0.1592464645,"21":0.1560682529,"22":0.1557145343,"23":0.1622035587,"24":0.1609314331},"RSS_q":{"0":1.0443504392,"1":0.9519093997,"2":1.0297619796,"3":0.9586342027,"4":1.0595070401,"5":1.0104631977,"6":1.0612388381,"7":1.0395524354,"8":1.0491014428,"9":1.0165752507,"10":1.025644027,"11":1.0293753968,"12":1.0576864375,"13":1.0364183921,"14":1.0407540737,"15":1.0200606535,"16":1.0513003231,"17":0.9652003222,"18":1.0331681183,"19":1.0402667967,"20":1.0143774578,"21":0.9742919826,"22":0.9698806481,"23":1.052399778,"24":1.0359570468},"weights":{"0":[[0.8201914595],[0.7232256692],[0.6903726932],[0.6360595404],[0.4569358724],[0.6321327914],[0.6482255786],[0.6692215544],[0.7353461783],[0.7864049934],[1.3382524272],[1.3157770955],[1.3256495947],[1.3404558274],[1.3447175827],[1.3424681667],[1.3416518837],[1.336099937],[1.3396275656],[1.3452902436]],"1":[[0.8184495506],[0.7186080242],[0.6888042068],[0.6284071079],[0.4822344228],[0.6393377916],[0.6596166917],[0.6680248077],[0.731480973],[1.4781498383],[1.3373506569],[1.3398511088],[1.3460351659],[1.3262770581],[1.3443803039],[1.3443052364],[1.3277759004],[1.3176206004],[1.3458680082],[1.3392744557]],"2":[[0.8254505234],[0.7219063839],[0.6630787132],[0.650203854],[0.6137973333],[0.6374595623],[0.6553196408],[0.6839440871],[0.729305944],[0.7900995121],[1.3490030326],[1.3211378578],[1.3364182484],[1.3466613088],[1.345855969],[1.3496828179],[1.3434854988],[1.3467072372],[1.3195750993],[1.348446331]],"3":[[0.7970798353],[0.7376037935],[0.6898987044],[0.6358947533],[0.6158814812],[0.6357147466],[0.6577068008],[0.6807589581],[0.7121624168],[1.4948192382],[1.3146310538],[1.3163498296],[1.3356187459],[1.3388872227],[1.3167408137],[1.3471166706],[1.3446210763],[1.3460242176],[1.3488226754],[1.3250750059]],"4":[[0.8133681377],[0.7382452094],[0.6788416031],[0.6495744987],[0.6193490688],[0.6398372438],[0.6576667052],[0.662416298],[0.7046247022],[0.7683028535],[1.3407638396],[1.338156774],[1.3403492606],[1.3185735171],[1.3397631907],[1.344159458],[1.3490212678],[1.33755581],[1.3378671073],[1.3452523628]],"5":[[0.7962174528],[0.7397814436],[0.6641831253],[0.6360560074],[0.6297368772],[0.6415245342],[0.6600601363],[0.6660580744],[0.7056391407],[0.7870684984],[1.3387325153],[1.3229634669],[1.3195776144],[1.3365938154],[1.3213573997],[1.3446530386],[1.3405583397],[1.3215563852],[1.3232519454],[1.3141154331]],"6":[[0.8274727672],[0.7376481851],[0.6865789675],[0.6519056828],[0.6146780758],[0.6142827008],[0.6525669665],[0.6879076857],[0.7223753159],[0.7594107278],[1.3397432074],[1.314979302],[1.3458168919],[1.3491685665],[1.3461117507],[1.3485972191],[1.336234896],[1.3484520663],[1.3240808194],[1.343804389]],"7":[[0.7982929483],[0.723049944],[0.6846933242],[0.6277022059],[0.6183365649],[0.6442769944],[0.6486418794],[0.6641041304],[0.7071457934],[0.7708907968],[1.3433817069],[1.3387403055],[1.337056982],[1.3217826001],[1.3183392015],[1.345312564],[1.3214981493],[1.3465280343],[1.3496002263],[1.344138477]],"8":[[0.8193165978],[0.7408647781],[0.660257078],[0.6464890054],[0.6193264178],[0.6368085694],[0.6296833809],[0.6652572971],[0.7115487178],[0.7800491077],[1.347269814],[1.3151545337],[1.3153930076],[1.3204862516],[1.3422747458],[1.3422068211],[1.3492843664],[1.3448018545],[1.3157549911],[1.3453582302]],"9":[[0.8035554732],[0.7412630442],[0.6597191119],[0.6356469387],[0.6158160135],[0.6149270302],[0.6561516166],[0.6810634866],[0.7278043369],[0.7898903806],[1.316897193],[1.3238867296],[1.3475812076],[1.3442365514],[1.3213475915],[1.34177786],[1.3402012748],[1.3433384189],[1.3204715799],[1.3383996557]],"10":[[0.7989475979],[0.7415899288],[0.6642672706],[0.655276999],[0.6160477858],[0.8107894916],[0.6508013709],[0.6686468456],[0.731736013],[0.7819928647],[1.3413190352],[1.3209282157],[1.3372346418],[1.3159638705],[1.3174618862],[1.3230314956],[1.3407321657],[1.3439589529],[1.3168963337],[1.345265078]],"11":[[0.8153348422],[0.7340944094],[0.656639986],[0.6510964771],[0.6377960431],[0.6381777577],[0.6561686493],[0.6677412375],[0.7284258815],[0.7911708467],[1.3424808602],[1.3451762156],[1.3388105209],[1.3367163244],[1.32379183],[1.3372044898],[1.3414064256],[1.3219182698],[1.3471996357],[1.3449454937]],"12":[[0.8219971713],[0.7414720307],[0.6801274334],[0.6301818427],[0.6207952973],[0.6133251308],[0.6611433542],[0.6652652921],[0.7065732104],[0.7693645203],[1.3408079249],[1.3365779752],[1.339716169],[1.3441322063],[1.348544604],[1.34684648],[1.3397536403],[1.3466485736],[1.3452370523],[1.3189772631]],"13":[[0.8157797725],[0.7245220583],[0.6848019248],[0.6466254906],[0.6170912092],[0.6425066459],[0.65619164],[0.6852568212],[0.7256405853],[0.7911545741],[1.3469637351],[1.3471829049],[1.3436752309],[1.3415511358],[1.3474107786],[1.3444049366],[1.3483089594],[1.3444542729],[1.3468247304],[1.3387086132]],"14":[[0.8220452667],[0.7344943828],[0.6694907626],[0.626925202],[0.6144778735],[0.644338655],[0.6561393106],[0.6619513096],[0.7097666586],[0.7821148047],[1.3180890475],[1.3214025688],[1.3394974884],[1.3148616176],[1.3405916482],[1.3420616189],[1.3357191831],[1.3372404138],[1.3486197748],[1.3259540829]],"15":[[0.7931152684],[0.7386873334],[0.6775866475],[0.6509905175],[0.6176712176],[0.643674944],[0.6606144104],[0.6793569698],[0.7240620659],[0.7792069918],[1.3173214816],[1.320536424],[1.3416384848],[1.3196811243],[1.3446254747],[1.3473753159],[1.3479313696],[1.3162168435],[1.3216762435],[1.3436493276]],"16":[[0.8156608818],[0.7467982882],[0.6671166138],[0.6480755516],[0.4806368493],[0.6215307904],[0.659664122],[0.6673996152],[0.7079841868],[0.7916204509],[1.3385994163],[1.3198603196],[1.3381239775],[1.3362682861],[1.322824922],[1.3360707767],[1.3428061521],[1.3418443125],[1.341462267],[1.3456510888]],"17":[[0.8225920842],[0.7468331071],[0.6669239762],[0.6319215854],[0.4601963181],[0.6409376518],[0.639103017],[0.6880321669],[0.7058168192],[1.4806040714],[1.3484636006],[1.3478005565],[1.3424116167],[1.3389308767],[1.3449993461],[1.3400285984],[1.3262014208],[1.3215217957],[1.3450827228],[1.3226535626]],"18":[[0.8017338784],[0.7423217824],[0.6869765434],[0.645177463],[0.609378159],[0.6318524067],[0.6394963971],[0.6858082027],[0.7318032225],[0.7821338805],[1.3210448038],[1.3383487584],[1.3382997305],[1.3493575693],[1.321925084],[1.3442526349],[1.3424511871],[1.3186223933],[1.3401846961],[1.3490221589]],"19":[[0.8217375325],[0.7190254614],[0.6803676552],[0.6577700984],[0.6168350863],[0.6152910427],[0.6271322153],[0.678735842],[0.7019464207],[0.7875614497],[1.3457551342],[1.3200939247],[1.3476201561],[1.3179236579],[1.342388667],[1.3358297236],[1.346632607],[1.3189385319],[1.316691208],[1.3447495534]],"20":[[0.7983582377],[0.7200872315],[0.6819584292],[0.6527118128],[0.6178727828],[0.6414814772],[0.6534649288],[0.6823868794],[0.7264771872],[0.7879471513],[1.3391558854],[1.3145557079],[1.3394668368],[1.3142404338],[1.3251785659],[1.3455253264],[1.3357691971],[1.3404184691],[1.3188501248],[1.3477122973]],