{"exe_time":{"0":160.2716846466,"1":153.7020139694,"2":147.0251660347},"rmse":{"0":0.613770675,"1":0.4719104924,"2":0.4922159602},"RSS_q":{"0":15.0685776575,"1":8.9079805149,"2":9.6910620581},"weights":{"0":[[2.71019412],[2.4690518559],[2.2627231527],[2.0770053172],[1.9341046047],[1.7953601573],[1.6926261472],[1.6498940454],[1.5773636506],[1.3870422564],[1.7592752524],[1.5875010641],[1.5623828505],[7.8465447036],[7.8669859928],[7.8469457207],[1.5539687758],[1.565647305],[1.578162937],[7.8655260294]],"1":[[2.686230327],[2.4683379038],[2.2660750011],[2.0721593183],[1.9436508508],[1.7877245155],[1.6943056365],[-4.6622197798],[-4.6734697798],[1.3816860531],[1.5755457572],[1.8844809678],[7.8666118165],[1.555726163],[1.5592602883],[1.5792444779],[7.8693248187],[1.581456128],[1.5551948391],[1.5650137347]],"2":[[2.6880389208],[2.4927297292],[2.2659922818],[2.0989851994],[1.943185266],[1.7940851848],[1.718970435],[1.6533314654],[1.5746721193],[1.5825111199],[1.5770452684],[7.861872447],[7.8693842556],[1.5558119115],[1.5533504552],[1.5544204895],[1.5621966893],[7.840838926],[1.5651025599],[1.5554445841]]},"training_cost":{"0":[[0.0000344862,0.0004008449,0.0000756823,0.0000007835,0.0000756823,0.000021012,0.0000007399,0.0000029389,0.0000001839,0.0,0.0000001968,0.0000000503,0.0000000179],[0.0175126858,0.0004870368,0.0000015415,0.0000812814,0.0000101607,0.0000108109,0.0000000328,0.0000008249,0.0000001294,0.0000002014,0.0000000001,0.000000027],[0.0035447507,0.0000331303,0.000211389,0.0000315714,0.0001053343,0.0000095677,0.0000001495,0.0000064753,0.0000010979,0.0000011717,0.0000000011,0.0000001045,0.0000000378],[0.0086497909,0.0000178844,0.0004406711,0.0001070018,0.0002133897,0.0,0.0000143343,0.0000037854,0.0000010136,0.0000002502,0.0000000996],[0.0005633792,0.0020499862,0.0003687898,0.3255652356,0.0078225056,0.0000118529,0.0000068399,0.0000283522,0.0000014071,0.0000000883,0.000003381,0.0000011245,0.0000000337],[0.0005129978,0.0014315961,0.2888351573,0.0264364683,0.0000018416,0.0000998988,0.0000133312,0.000013502,0.0000000236,0.000001169,0.0000004006],[0.0013855745,0.0064425242,0.1184951395,0.0004575359,0.1184951395,0.009360453,0.0000002146,0.0002301681,0.0000620146,0.000026015,0.0000029992,0.0000036486],[0.0254274411,0.0099880998,0.0199278336,0.0155824041,0.006424247,0.0024133313,0.0000764598,0.0254274411,0.0039126727,0.000100988,0.0003923181,0.0000134212,0.0000013194,0.0000326417,0.0000167879],[0.0186056652,0.059771802,0.2548423921,0.2281767778,0.0343687104,0.008758753,0.0004847106,0.0143193233,0.0012344082,0.0019404786,0.0000915421,0.0000160092,0.0003550321,0.0001780173],[0.4119016717,0.4991250271,0.4704979924,0.4490935962,0.3776894452,0.3141114615,0.1587616254,0.4991250271,0.013025607,0.4991250271,0.0494270713,0.047697516,0.0023262002,0.0008405899,0.0141515284,0.007231431],[0.0226353999,0.3955078163,0.4198555693,0.3495123693,0.0047995077,0.2496588369,0.1474489364,0.0911557017,0.0344694175,0.0000189526,0.0081629328,0.0033508108],[0.0600027617,0.0018316938,0.1813510236,0.4154612587,0.0165937434,0.0929914441,0.0005224384,0.0022801715,0.0000754726,0.0000468161,0.0003091886],[0.0115237076,0.3766387719,0.0247865579,0.0192429765,0.0063346764,0.0009069248,0.0075849562,0.0001817311,0.0075849562,0.0001164984,0.0004398588,0.0000276412,0.0000003746,0.0000468738,0.0000101406],[0.2009256258,0.0348623294,0.0216020077,0.0181336582,0.0152543023,0.0125488317,0.0097046971,0.0063855307,0.0022919676,0.0012867566,0.2025074149,0.0314187455,0.0000139333,0.0000696508,0.0001128817,0.0000002647,0.0000065818,0.000002167],[0.0743397673,0.0192857175,0.0114373135,0.0073249584,0.0036456076,0.0000001351,0.3016009625,0.0202437309,0.0005657638,0.000330796,0.0000464108,0.0000188438,0.0000023046,0.0000025885],[0.0776603439,0.0137088789,0.0072958778,0.0042814775,0.0018477469,0.0000440952,0.372895905,0.0006469009,0.0014598466,0.0000151123,0.0000696952,0.0000021744,0.0000011561,0.0000057866,0.0000000593,0.0000003284],[0.000195007,0.0101775378,0.0016877811,0.0008932919,0.0000047382,0.000223266,0.0000300388,0.0000302281,0.0000001596,0.0000021434,0.0000002714,0.0000009551],[0.0005214634,0.3694098287,0.0003955999,0.0009162771,0.0001760627,0.0000242962,0.000039653,0.0000000464,0.000039653,0.0000097394,0.000001318,0.0000008437,0.0000000516],[0.0010652415,0.1137198959,0.0001323011,0.0004587115,0.0000252158,0.0000110334,0.0002214665,0.0000734672,0.0000010074,0.0000013127,0.0000000082,0.0000013127,0.0000003881,0.0000000651],[0.0153686044,0.0108011387,0.002661882,0.0011590507,0.0004258404,0.0000071922,0.0028897336,0.0001994638,0.0000686182,0.0000004062,0.0000196671,0.0000060919,0.0000000541,0.0000011547,0.0000004316,0.0000000018,0.0000001029]],