{"exe_time":{"0":132.3244540691,"1":130.1199874878,"2":130.9602775574,"3":129.0175971985,"4":127.9727962017,"5":132.5258381367,"6":132.2838330269,"7":128.8827307224,"8":127.9492874146,"9":131.4678208828,"10":130.2542929649,"11":129.8605327606,"12":126.6097583771,"13":130.9912521839,"14":129.4728279114,"15":128.6354968548,"16":130.3930091858,"17":130.4158947468,"18":128.1462786198,"19":129.5993602276,"20":134.2452964783,"21":129.8243687153,"22":130.9448771477,"23":128.3791821003,"24":129.1905727386},"rmse":{"0":0.2962670843,"1":0.2961542379,"2":0.2940121034,"3":0.295939198,"4":0.2898510146,"5":0.2940008388,"6":0.294999646,"7":0.2920675627,"8":0.2955770151,"9":0.294824089,"10":0.2951012985,"11":0.2939712696,"12":0.2969148217,"13":0.2916181018,"14":0.2951412812,"15":0.2954164656,"16":0.293595058,"17":0.293265738,"18":0.2924459182,"19":0.2955350631,"20":0.295326553,"21":0.2938432604,"22":0.2951791836,"23":0.2939455398,"24":0.3041929493},"RSS_q":{"0":3.5109674092,"1":3.5082933048,"2":3.4577246786,"3":3.5032003565,"4":3.3605444271,"5":3.4574597276,"6":3.4809916452,"7":3.4121384467,"8":3.4946308738,"9":3.4768497375,"10":3.4833910542,"11":3.4567642931,"12":3.5263364542,"13":3.4016446927,"14":3.4843350345,"15":3.4908355264,"16":3.4479223223,"17":3.4401917237,"18":3.4209846026,"19":3.4936389397,"20":3.4887109159,"21":3.4537544661,"22":3.4852300163,"23":3.4561592153,"24":3.7013340154},"weights":{"0":[[0.3764561929],[0.4318964789],[0.4807974528],[0.3855836132],[0.4820671518],[0.8038562129],[0.7401415274],[0.8217661991],[0.8881674451],[0.9624016217],[0.9405791893],[0.873230066],[0.6212760888],[0.0397029752],[-1.0210228572],[-2.0119665581],[-2.5235063209],[-2.7313535316],[-2.822289184],[-2.8717226889]],"1":[[0.3963519544],[0.4311976024],[0.4586475092],[0.3814009966],[0.5000636868],[0.7933283619],[0.7370949683],[0.8280997782],[0.8943196124],[0.9399775321],[0.959996606],[0.8504745301],[0.6208950984],[0.0390323525],[-1.0169300569],[-2.011885073],[-2.4996222405],[-2.749377716],[-2.8390453276],[-2.8468926227]],"2":[[0.3758851657],[0.4259779628],[0.4764579698],[0.3812419658],[0.5003317458],[0.7967120265],[0.7353588176],[0.8201253125],[0.8956674068],[0.9608072081],[0.9372267375],[0.8561191761],[0.6208034864],[0.0138641809],[-1.0134352605],[-1.9828451821],[-2.5256906596],[-2.7211972423],[-2.8212109866],[-2.8513939964]],"3":[[0.3936238956],[0.4026070819],[0.4590410427],[0.3877477147],[0.4961235207],[0.6487823711],[0.7383871307],[0.8186383897],[0.9073945598],[0.9502327114],[0.958652378],[0.8454000362],[0.605889742],[0.009309143],[-1.0227900467],[-2.0064301571],[-2.5230869642],[-2.7459516043],[-2.8425584349],[-2.8599538631]],"4":[[0.374461642],[0.4041362847],[0.2542628623],[0.3849751676],[0.478347222],[0.7996823106],[0.7355831433],[0.8205809386],[0.9057322402],[0.9404285758],[0.9409684776],[0.8523375877],[0.6260745435],[0.0397901948],[-1.0390140432],[-2.009578582],[-2.500169826],[-2.7259188855],[-2.8200669594],[-2.8742226031]],"5":[[0.3732249116],[0.4030237281],[0.4823758247],[0.3869484908],[0.6280683122],[0.7998625981],[0.7426891268],[0.8429056305],[0.8905503776],[0.9325538602],[0.953646526],[0.8510490317],[0.6264530196],[0.0370678677],[-1.0180713716],[-2.0123961976],[-2.5145500286],[-2.74238274],[-2.8189913212],[-2.8472883053]],"6":[[0.39028221],[0.4035184038],[0.4819567155],[0.3863644107],[0.4986901322],[0.8025175369],[0.7618743417],[0.8246836303],[0.9101899921],[0.950762817],[0.9593228556],[0.8493608613],[0.607691691],[0.0152947971],[-1.0171291226],[-2.0119143381],[-2.4933121739],[-2.7292821598],[-2.8465205409],[-2.8548788374]],"7":[[0.3715919875],[0.4097515692],[0.4792216489],[0.3840410313],[0.4732066974],[0.6512203761],[0.7569493481],[0.8201164885],[0.9158709491],[0.93315313],[0.9271562924],[0.8550303778],[0.611110042],[0.0412466239],[-1.0442726266],[-1.9835076538],[-2.4916796015],[-2.723445074],[-2.827935466],[-2.8542057156]],"8":[[0.3774223191],[0.4089410699],[0.4780521768],[0.3934593821],[0.482584038],[0.6516916944],[0.7618990918],[0.81893596],[0.91352435],[0.9571957861],[0.9537700141],[0.8584616844],[0.6018701518],[0.0343272633],[-1.043027755],[-2.0114296277],[-2.5207743431],[-2.7516592368],[-2.8155328929],[-2.8715071644]],"9":[[0.3987256987],[0.4313895736],[0.475336851],[0.3900323383],[0.4958138057],[0.7961247793],[0.7420572148],[0.8384634045],[0.9117731031],[0.9269420069],[0.9579223311],[0.8501442666],[0.6267742789],[0.0194851556],[-1.0151243031],[-2.0089819055],[-2.4998839234],[-2.7210023065],[-2.8160796762],[-2.8551201755]],"10":[[0.3903413846],[0.4315647619],[0.4644586326],[0.3865566895],[0.4788153847],[0.6508287718],[0.7642884326],[0.8172044898],[0.8924825153],[0.9270536092],[0.9524600216],[0.8730114922],[0.6204539716],[0.0404893583],[-1.014399987],[-2.0113964322],[-2.494380221],[-2.7217948242],[-2.8409374454],[-2.8579351929]],"11":[[0.3885647389],[0.4101025067],[0.4569748296],[0.3826301909],[0.4752988169],[0.7940470125],[0.7673465544],[0.8478615365],[0.9083610435],[0.934776101],[0.9368424421],[0.8486596533],[0.6229030052],[0.0354408246],[-1.0150107891],[-2.0067186518],[-2.499611523],[-2.7192658633],[-2.8450680417],[-2.856757156]],"12":[[0.3992394566],[0.410857111],[0.4811044659],[0.3837374408],[0.6593332479],[0.8219737012],[0.7676961866],[0.8491023178],[0.9066759715],[0.9618497131],[0.9512748383],[0.8725908684],[0.6235692209],[0.0434064514],[-1.0158437457],[-2.0068584465],[-2.5238675298],[-2.7220402735],[-2.8369581881],[-2.8531062757]],"13":[[0.3678247676],[0.4315610265],[0.254021788],[0.3925211229],[0.495600013],[0.8156689443],[0.7384021993],[0.8161336062],[0.8924678653],[0.9346404155],[0.9611182577],[0.8459271588],[0.6205185354],[0.0407434874],[-1.0186201933],[-1.9889182152],[-2.5130387442],[-2.7210835537],[-2.8483694403],[-2.8728569294]],"14":[[0.3953818581],[0.4066590704],[0.4776565411],[0.3631273636],[0.4952504747],[0.7968777606],[0.7401944616],[0.8421029803],[0.8902529078],[0.9601545337],[0.9323999881],[0.8501299569],[0.6311380903],[0.0174479626],[-1.019204208],[-1.9864587246],[-2.4915399605],[-2.7535087758],[-2.8197911956],[-2.8715308881]],"15":[[0.3967449191],[0.3982230129],[0.4773535678],[0.537096404],[0.5012207325],[0.8035654949],[0.766809947],[0.8505075849],[0.8944413757],[0.9618858917],[0.9529558216],[0.8496926921],[0.606162731],[0.0422549005],[-1.019677676],[-2.0136260791],[-2.5155490285],[-2.7197654583],[-2.825794435],[-2.8474714016]],"16":[[0.3675577274],[0.40068181],[0.4788210879],[0.3902700315],[0.473250727],[0.8265140887],[0.7681559256],[0.8497132535],[0.916154293],[0.9288672854],[0.9325908013],[0.8478484414],[0.6013247045],[0.0304286042],[-1.0183305118],[-1.994968376],[-2.4930789851],[-2.7471147224],[-2.8226337449],[-2.8805664846]],"17":[[0.3742113483],[0.4060710023],[0.4793253178],[0.3914232634],[0.4788689194],[0.7977526689],[0.7637195151],[0.8467482062],[0.8880124971],[0.9395062421],[0.937722321],[0.8561933663],[0.6094328416],[0.0332283567],[-1.0212533761],[-1.9906631138],[-2.5230811566],[-2.7254197859],[-2.8222642299],[-2.8531224805]],"18":[[0.3759450478],[0.40166961],[0.2492729622],[0.5487878776],[0.4839656425],[0.792888477],[0.7553829167],[0.8384947399],[0.8939666897],[0.9614292132],[0.9583944219],[0.87851735],[0.6198626937],[0.036913765],[-1.0384467868],[-2.0051640169],[-2.4915541447],[-2.7211621312],[-2.8403713882],[-2.880632142]],"19":[[0.3770221173],[0.4071026452],[0.4853393384],[0.5338318519],[0.5029341068],[0.7929689008],[0.7450469476],[0.8386250925],[0.8959706896],[0.9545781678],[0.9624098856],[0.870831578],[0.6097531358],[0.0305220262],[-1.0175452706],[-2.0082587977],[-2.5192972373],[-2.7251000119],[-2.824517163],[-2.8483700995]],"20":[[0.3919321314],[0.4047420092],[0.4634417601],[0.5495140663],[0.4825185572],[0.6543292549],[0.7395426844],[0.8428855363],[0.9130816272],[0.9368815348],[0.9353862847],[0.8546417575],[0.6063793061],[0.0406920069],[-1.0208732582],[-1.9908858314],[-2.5191014004],[-2.720519934],[-2.8192866762],[-2.878093632]],