{"exe_time":{"0":280.6056885719,"1":273.2083325386,"2":274.2235796452,"3":273.7749993801,"4":272.5464653969,"5":271.2291426659,"6":275.2810721397,"7":271.1395757198,"8":280.3280277252,"9":300.3215780258,"10":288.4303333759,"11":277.9270260334,"12":276.2669625282,"13":267.2106084824,"14":267.971603632,"15":269.8042721748,"16":270.8583238125,"17":278.137059927,"18":280.1567633152,"19":278.4994697571},"rmse":{"0":0.2924620185,"1":0.2935852928,"2":0.2950018371,"3":0.2952669184,"4":0.2956649608,"5":0.2945937973,"6":0.2959281839,"7":0.2953386368,"8":0.2940606904,"9":0.2937432703,"10":0.2941687266,"11":0.2935236481,"12":0.2926015646,"13":0.2943748673,"14":0.2954171491,"15":0.295017828,"16":0.2948250628,"17":0.295807711,"18":0.2935813642,"19":0.2959163131},"RSS_q":{"0":6.8427225829,"1":6.8953859307,"2":6.9620867122,"3":6.9746042493,"4":6.9934215246,"5":6.9428404344,"6":7.0058792045,"7":6.9779928317,"8":6.9177351731,"9":6.9028087086,"10":6.9228191768,"11":6.8924905609,"12":6.8492540479,"13":6.932524998,"14":6.9817033579,"15":6.9628415053,"16":6.9537454104,"17":7.0001761505,"18":6.8952013914,"19":7.0053171505},"weights":{"0":[[0.3622346061],[0.3932274783],[0.4072953641],[0.4072892942],[0.2370740804],[0.4704950961],[0.5071696261],[0.5373603439],[0.4955246152],[0.5788238473],[0.6555637046],[0.6925245395],[0.7229033229],[0.7641351168],[0.8096354186],[0.8623203723],[0.8985657594],[0.9124966407],[0.9560082909],[0.959274823],[0.9412285348],[0.9221393598],[0.9021275656],[0.8253895855],[0.7052261067],[0.5198014779],[0.2332323305],[-0.2143990748],[-0.7317379414],[-1.3014524577],[-1.7907549039],[-2.1505251165],[-2.4103493709],[-2.5766328301],[-2.7037251962],[-2.7608200114],[-2.8325209966],[-2.8511443586],[-2.8742018267],[-2.874174274]],"1":[[0.3602232247],[0.3719067561],[0.4101474917],[0.4306455718],[0.4634543971],[0.4898966893],[0.4970175023],[0.5400908684],[0.5800415753],[0.5468975437],[0.6507665274],[0.7020272301],[0.7503685802],[0.7781188236],[0.8367394566],[0.8473613971],[0.8970698525],[0.9258428704],[0.9226838309],[0.9627471274],[0.9647857246],[0.9189548121],[0.9050653847],[0.8274650405],[0.7050570317],[0.519510549],[0.2119228376],[-0.1897704674],[-0.7257633709],[-1.3038174199],[-1.794070654],[-2.1539929249],[-2.3985606261],[-2.5794257881],[-2.7069855459],[-2.763423992],[-2.808792295],[-2.8412872769],[-2.852950411],[-2.8617849872]],"2":[[0.382289908],[0.3928324055],[0.4087726184],[0.4357489805],[0.4605577358],[0.4672482779],[0.5300779237],[0.5441633518],[0.4881913757],[0.655825726],[0.6563101873],[0.680829071],[0.7538938896],[0.7961522505],[0.8330447322],[0.8443996756],[0.8995492236],[0.905386908],[0.9311597945],[0.9389412305],[0.9640456256],[0.9459044419],[0.9024850186],[0.8337125673],[0.7087791317],[0.5204599561],[0.2302731227],[-0.2130643915],[-0.74565352],[-1.2936683028],[-1.7888538803],[-2.1806431722],[-2.4078354461],[-2.5919630122],[-2.6818149555],[-2.7734858854],[-2.8024053504],[-2.8411889348],[-2.8467964769],[-2.8738851922]],"3":[[0.3882787308],[0.3972861542],[0.4136125981],[0.406219322],[0.4569660174],[0.4895981059],[0.5196125946],[0.5386327639],[0.4871932896],[0.5774263073],[0.6491830744],[0.7026009341],[0.7341033317],[0.771622998],[0.8062119942],[0.8636415495],[0.9034931289],[0.907482912],[0.9484336303],[0.9473206714],[0.9343319181],[0.9302503143],[0.9075574449],[0.8296450647],[0.7059733851],[0.521055454],[0.2341563111],[-0.2130544218],[-0.7474228144],[-1.2991217763],[-1.7945220557],[-2.1766603124],[-2.4045998762],[-2.5966341018],[-2.7002944487],[-2.7812127251],[-2.8076503939],[-2.8362808878],[-2.854174274],[-2.8631597059]],"4":[[0.3850133505],[0.3913292729],[0.3975871009],[0.4373177478],[0.4571213687],[0.4732885456],[0.4984932022],[0.5399810191],[0.5118385362],[0.5758495613],[0.656365016],[0.7098844432],[0.7530214684],[0.7687326498],[0.8276009341],[0.8628440139],[0.8999550316],[0.9244749116],[0.9359993349],[0.9683717953],[0.9643643804],[0.9286425951],[0.9001676844],[0.8039793194],[0.6874781601],[0.5166180889],[0.2011920109],[-0.1912465319],[-0.7311310806],[-1.2946152857],[-1.8137396466],[-2.1510110835],[-2.4275252218],[-2.5712929362],[-2.7082634618],[-2.764317169],[-2.8279173257],[-2.8604016165],[-2.865532837],[-2.8762212978]],"5":[[0.3875469933],[0.3927613905],[0.4178291021],[0.4129107612],[0.4355138491],[0.4732067155],[0.5276724528],[0.5567405773],[0.4926133928],[0.5711075477],[0.6482398754],[0.7101948571],[0.7222619138],[0.7884326671],[0.8340330129],[0.8707603662],[0.8770622807],[0.9143565145],[0.9289857701],[0.96786083],[0.9389549214],[0.9222432323],[0.905394468],[0.8299111278],[0.7039031232],[0.5207474829],[0.234393589],[-0.1885783555],[-0.7330031999],[-1.2933624683],[-1.7978929857],[-2.1584688803],[-2.4117892953],[-2.5723650109],[-2.6772246255],[-2.7600557457],[-2.8216169683],[-2.841069937],[-2.8705698883],[-2.8808272139]],"6":[[0.3898615382],[0.3955836132],[0.417316735],[0.4352080272],[0.4636364279],[0.4901120983],[0.5259377942],[0.5421373308],[0.4912004778],[0.5727641507],[0.6493093769],[0.7102241197],[0.7296849907],[0.7704184573],[0.8162101363],[0.8673157594],[0.9019650881],[0.9108769696],[0.9263826694],[0.9353014761],[0.9596788681],[0.9235888747],[0.9038256989],[0.8292004134],[0.6890443481],[0.500579279],[0.2334718004],[-0.2065298287],[-0.7336751825],[-1.2981769435],[-1.8148760597],[-2.1537818059],[-2.4267173039],[-2.5747846608],[-2.6913183267],[-2.7636066719],[-2.8215284632],[-2.8572573297],[-2.8768965316],[-2.8589226125]],"7":[[0.3894935745],[0.3696961253],[0.4148065539],[0.4417936147],[0.4619765603],[0.4886126985],[0.5065209957],[0.5410462196],[0.4931885356],[0.5786373657],[0.634970195],[0.6901719069],[0.7531922773],[0.7744981501],[0.8138081413],[0.8656562087],[0.8772826356],[0.9121333999],[0.9478317458],[0.943704279],[0.9619019117],[0.9430921688],[0.9011538709],[0.8379260632],[0.710057922],[0.5195681163],[0.2311057163],[-0.2109987289],[-0.7313596194],[-1.3011996085],[-1.8187142783],[-2.1595025554],[-2.400621089],[-2.5997821343],[-2.6843876817],[-2.7608200114],[-2.8322873593],[-2.8317592374],[-2.8477935685],[-2.8821534072]],"8":[[0.390947809],[0.3787350742],[0.3978967593],[0.412573144],[0.4329968575],[0.4716627527],[0.5023642722],[0.5427637477],[0.4937851334],[0.6503667982],[0.7170530554],[0.7114206544],[0.7314632711],[0.7636788791],[0.805303852],[0.8614049835],[0.9009685313],[0.925888747],[0.930239806],[0.9592209926],[0.9394019589],[0.9246690312],[0.905222321],[0.8321790636],[0.6903610421],[0.5139875946],[0.2045145754],[-0.2116617694],[-0.7222303474],[-1.3217933689],[-1.7902889599],[-2.1775282958],[-2.4203450613],[-2.5727429379],[-2.7119967507],[-2.7551762207],[-2.820386477],[-2.8398181573],[-2.8514095525],[-2.8765034335]],"9":[[0.3872639468],[0.3804563411],[0.3973475814],[0.4090926752],[0.2368524067],[0.4908412092],[0.5208404299],[0.5437555328],[0.4988142189],[0.5745017797],[0.6516272018],[0.68987769],[0.7232726309],[0.7751659314],[0.8141154331],[0.8697538848],[0.8802964526],[0.9130154629],[0.9235605125],[0.9650057248],[0.9559028379],[0.9240951382],[0.9080864815],[0.8078263318],[0.7097953641],[0.5178840731],[0.2236736705],[-0.1871084524],[-0.7519517118],[-1.2920999212],[-1.8121014114],[-2.1508297614],[-2.3993469532],[-2.5952843696],[-2.7094872015],[-2.7825224874],[-2.8260190502],[-2.8591883494],[-2.876447401],[-2.873837209]],"10":[[0.3837608917],[0.3920194863],[0.3881479084],[0.4132037709],[0.4613676426],[0.4742336632],[0.5227997894],[0.539678852],[0.51431711],[0.5502613905],[0.6567558618],[0.7109152328],[0.7314995642],[0.7959805792],[0.8111782225],[0.8487958202],[0.9007524272],[0.9100430906],[0.9222667357],[0.9644278325],[0.9630130993],[0.9469074241],[0.906436079],[0.8314726072],[0.7055086062],[0.5171273628],[0.2025568653],[-0.1881115604],[-0.7260430993],[-1.3271953822],[-1.7900115586],[-2.1479674532],[-2.4093017188],[-2.5998696371],[-2.7088898191],[-2.7539317645],[-2.8001992123],[-2.8304180696],[-2.8479094413],[-2.8769357315]],