{"exe_time":{"0":135.33446455,"1":128.4461534023,"2":135.9805383682,"3":131.130464077,"4":145.0181167126,"5":139.836233139,"6":131.2146599293,"7":123.621268034,"8":123.8073968887,"9":125.3309352398,"10":124.9899160862,"11":124.4097518921,"12":125.1459460258,"13":125.2331213951,"14":125.3516435623,"15":124.1074733734,"16":126.3986048698,"17":124.706692934,"18":124.8507111073,"19":126.6693992615,"20":122.925853014,"21":125.7152860165,"22":124.6026625633,"23":127.7168519497,"24":126.364872694},"rmse":{"0":0.2152535536,"1":0.2151398613,"2":0.2140756654,"3":0.2144644544,"4":0.2154109132,"5":0.2145081796,"6":0.2138891621,"7":0.214504668,"8":0.2150487163,"9":0.2156069233,"10":0.2155072834,"11":0.2151360396,"12":0.2142620524,"13":0.2152888043,"14":0.215194574,"15":0.215123821,"16":0.2169537979,"17":0.2134821075,"18":0.2152981473,"19":0.2154484201,"20":0.2147318502,"21":0.2151100878,"22":0.2143673476,"23":0.216449139,"24":0.2144992093},"RSS_q":{"0":1.8533636944,"1":1.8514063966,"2":1.8331356214,"3":1.8398000881,"4":1.8560744612,"5":1.840550365,"6":1.8299429473,"7":1.840490104,"8":1.8498380152,"9":1.8594538145,"10":1.8577355687,"11":1.8513406219,"12":1.8363290847,"13":1.8539707709,"14":1.8523481875,"15":1.8511303344,"16":1.8827580173,"17":1.8229844094,"18":1.8541316897,"19":1.856720869,"20":1.8443906998,"21":1.8508939957,"22":1.838134388,"23":1.8740091917,"24":1.840396432},"weights":{"0":[[5.856539168],[5.931680815],[-0.3172302222],[-0.2450815522],[-0.1831198185],[-0.1568796773],[-0.1042601392],[-0.0424203384],[-0.0303969954],[-0.0088441653],[-0.0086384146],[-0.012697401],[-0.0773747217],[-0.1576296207],[-0.2310678352],[-0.3693454669],[-0.4852401059],[-0.6295801194],[-0.7828922886],[-0.8913293276]],"1":[[5.8573385559],[5.9314926378],[-0.3168766697],[-0.2630260109],[-0.2080852231],[-0.1264062655],[-0.1058237565],[-0.0483232733],[-0.0316109113],[-0.0126067746],[0.012948078],[-0.0210225438],[-0.0618056445],[-0.1560423309],[-0.2518376375],[-0.3681060021],[-0.4885795699],[-0.6465573843],[-0.7817110126],[-0.9119413754]],"2":[[5.8887591016],[5.9108798384],[-0.2919690757],[-0.2368059648],[-0.1841767659],[-0.1475580878],[-0.0999673456],[-0.0440379127],[-0.0134825714],[-0.0103626692],[0.0020577989],[-0.0321853403],[-0.0600648034],[-0.1583427569],[-0.2490983201],[-0.3765821214],[-0.4932404481],[-0.6271451174],[-0.7931024594],[-0.9135336073]],"3":[[5.8887683889],[5.9149592131],[-0.3166598102],[-0.2370291437],[-0.1831035211],[-0.1259628055],[-0.1110485045],[-0.0422263765],[-0.0336138526],[0.0055718702],[-0.0141716408],[-0.0207798731],[-0.0776607011],[-0.1605645377],[-0.2549949156],[-0.3569178686],[-0.5155723814],[-0.6461449018],[-0.7697891091],[-0.8981132768]],"4":[[5.8848346208],[5.9139603143],[-0.2874422136],[-0.2431845248],[-0.2049370838],[-0.1502560384],[-0.1030234566],[-0.0681673438],[-0.0259671741],[-0.0192321089],[-0.0114587601],[-0.01681819],[-0.0783962049],[-0.1527190259],[-0.2530943172],[-0.3723579897],[-0.4907081434],[-0.6313867498],[-0.7869901783],[-0.9091333808]],"5":[[5.8880330584],[5.9161831613],[-0.3154094413],[-0.2668462978],[-0.2061867595],[-0.133288367],[-0.1040715135],[-0.0463801561],[-0.0157287268],[-0.0165129703],[0.0108209281],[-0.0178146396],[-0.0764961152],[-0.1550898567],[-0.2354322805],[-0.3516702764],[-0.4889345051],[-0.6442576759],[-0.784401081],[-0.8887751511]],"6":[[5.8843441702],[5.9380663611],[-0.2941224817],[-0.2358169256],[-0.2118074318],[-0.1319091059],[-0.1029841542],[-0.0691714534],[-0.0267133599],[-0.0129539495],[0.00440351],[-0.0164278725],[-0.0762680857],[-0.148889523],[-0.25990269],[-0.3689448634],[-0.4926173888],[-0.6265390067],[-0.7633451711],[-0.8994356999]],"7":[[5.8824638055],[5.9124065309],[-0.2901918747],[-0.2389273686],[-0.2125496822],[-0.1536940166],[-0.0889755948],[-0.0355581104],[-0.0135375677],[-0.0182281663],[-0.0152464512],[-0.0159613985],[-0.0802225256],[-0.1306035158],[-0.2395012147],[-0.3550218399],[-0.5112107519],[-0.6297411195],[-0.770347678],[-0.9093508098]],"8":[[5.8789387898],[5.9309843628],[-0.3178075177],[-0.2373780781],[-0.2118180268],[-0.135755263],[-0.1087176617],[-0.04300632],[-0.0307970666],[-0.0148115605],[-0.0163309889],[-0.0195282332],[-0.0892179838],[-0.1528236377],[-0.2523136513],[-0.3726745763],[-0.4890197186],[-0.6213592205],[-0.7841566756],[-0.9175257572]],"9":[[5.8833042132],[5.9104600314],[-0.3204413513],[-0.2370728082],[-0.18209112],[-0.1579420751],[-0.1058703317],[-0.0491718199],[-0.0341095845],[-0.0148244286],[-0.0120132493],[-0.0140809688],[-0.0785821763],[-0.162912733],[-0.2604854264],[-0.3707742294],[-0.4907291994],[-0.6495432152],[-0.7936575215],[-0.9138057111]],"10":[[5.8608151892],[5.9325046631],[-0.3142287973],[-0.2416948215],[-0.2132330278],[-0.1549865325],[-0.100854731],[-0.0638531201],[-0.0151326477],[-0.0183481596],[-0.0079579386],[-0.0088430133],[-0.0842322175],[-0.1581073007],[-0.2366855637],[-0.3548069536],[-0.4897096371],[-0.6455065126],[-0.7671873072],[-0.9141354292]],"11":[[5.8849307961],[5.9315767777],[-0.2939662195],[-0.2568407335],[-0.2101786092],[-0.155830396],[-0.1078420685],[-0.0684626219],[-0.0319458985],[-0.0133734337],[-0.0157004519],[-0.0308099039],[-0.0760446678],[-0.1567142105],[-0.2322425854],[-0.3731565923],[-0.4876751559],[-0.6518876817],[-0.7889524617],[-0.9138179644]],"12":[[5.8888132713],[5.9378573454],[-0.3177586155],[-0.2553767834],[-0.2106301378],[-0.160998816],[-0.1019657584],[-0.0613383536],[-0.0168880898],[0.0143695438],[-0.0161697626],[-0.0388507229],[-0.0782691049],[-0.1333269949],[-0.2597261536],[-0.3565044155],[-0.4870911336],[-0.6265281788],[-0.7898883609],[-0.9163137854]],"13":[[5.8765813197],[5.9101587174],[-0.3143459316],[-0.2652887663],[-0.1827492487],[-0.1547450815],[-0.0814888407],[-0.0466983288],[-0.0146315452],[-0.0103409731],[-0.0133958369],[-0.0410452981],[-0.0614895787],[-0.1514847137],[-0.2495657548],[-0.349014119],[-0.4861620945],[-0.6490825735],[-0.7941387016],[-0.9095385633]],"14":[[5.8827163587],[5.9092560199],[-0.2926791799],[-0.2376971864],[-0.1828054949],[-0.1273851273],[-0.1087251704],[-0.0681223077],[-0.0315989578],[-0.0121800456],[-0.0128705332],[-0.0173311827],[-0.0821872058],[-0.1522256122],[-0.2527368093],[-0.3776660594],[-0.4919054849],[-0.6488809509],[-0.789514958],[-0.9100248419]],"15":[[5.8804376527],[5.9161007706],[-0.3111101358],[-0.2417063933],[-0.1829790151],[-0.12556919],[-0.1114186803],[-0.0658008224],[-0.0309469904],[-0.0123671316],[0.0048644737],[-0.0350547682],[-0.0886407292],[-0.1410205259],[-0.2332936516],[-0.3774620768],[-0.4865104495],[-0.6272124803],[-0.7867963738],[-0.8969696518]],"16":[[5.8553882161],[5.906834594],[-0.3168261153],[-0.2679930737],[-0.1893289197],[-0.1562130857],[-0.0781942039],[-0.062045895],[-0.0172847033],[0.0078889407],[-0.010912774],[-0.0375179902],[-0.0837040263],[-0.1625968142],[-0.2569979292],[-0.3523454663],[-0.5059602872],[-0.6302417534],[-0.7665503823],[-0.9092324977]],"17":[[5.8893230565],[5.936692901],[-0.3208400209],[-0.2395935746],[-0.1851680828],[-0.1519853162],[-0.0887547124],[-0.0414990552],[-0.0267716621],[-0.013491702],[-0.0110753488],[-0.0385862878],[-0.0555480919],[-0.159627354],[-0.2298327079],[-0.3703166191],[-0.4845341599],[-0.6438968899],[-0.791345707],[-0.8993406775]],"18":[[5.8639377419],[5.9152551333],[-0.2970403792],[-0.242574786],[-0.1834899565],[-0.1570911496],[-0.1105888862],[-0.0368021855],[-0.0104002182],[-0.0198400872],[-0.0092299334],[-0.0166620135],[-0.0768821717],[-0.1596447186],[-0.2353413385],[-0.3518451372],[-0.5087268063],[-0.6426813614],[-0.7886427789],[-0.8918914126]],"19":[[5.8565441076],[5.9163976309],[-0.2917525171],[-0.2329414773],[-0.189202088],[-0.1288010859],[-0.1047840137],[-0.0640690062],[-0.0116052467],[-0.0137269529],[-0.0104129542],[-0.0199081632],[-0.0791180057],[-0.1574578192],[-0.2521675945],[-0.3533648653],[-0.5029383882],[-0.6432329355],[-0.7931000296],[-0.9182288803]],