{"exe_time":{"0":138.7827262878,"1":140.5924093723,"2":138.0112242699,"3":141.4168274403,"4":136.4321689606,"5":134.5727901459,"6":135.4488327503,"7":132.1317501068,"8":139.9436204433,"9":137.9474434853,"10":134.7428946495,"11":134.1886429787,"12":135.4311013222,"13":137.8432765007,"14":137.716075182,"15":136.4546401501,"16":138.0187234879,"17":133.0015130043,"18":133.0113151073,"19":137.0357134342,"20":133.783008337,"21":135.1480267048,"22":136.2813618183,"23":137.6239202023,"24":135.7300405502},"rmse":{"0":0.723307017,"1":0.7224055388,"2":0.724329571,"3":0.7224926481,"4":0.7191645093,"5":0.7249449507,"6":0.7213164483,"7":0.7250893951,"8":0.7235904595,"9":0.7255533925,"10":0.7270217346,"11":0.7190304314,"12":0.7221482383,"13":0.7265181442,"14":0.7231914498,"15":0.721250986,"16":0.7253559615,"17":0.7219126739,"18":0.7220034064,"19":0.7275635552,"20":0.7277115392,"21":0.7234431004,"22":0.7250864563,"23":0.7233448703,"24":0.7252612221},"RSS_q":{"0":20.9269216362,"1":20.8747904981,"2":20.9861330972,"3":20.879825065,"4":20.687903657,"5":21.0218072611,"6":20.8118967449,"7":21.0301852343,"8":20.9433261249,"9":21.0571090136,"10":21.142424104,"11":20.680190454,"12":20.8599231248,"13":21.1131445553,"14":20.9202349231,"15":20.8081193907,"16":21.0456508352,"17":20.846316349,"18":20.8515567519,"19":21.1739490731,"20":21.1825633726,"21":20.9347967779,"22":21.030014767,"23":20.9291120582,"24":21.0401536102},"weights":{"0":[[6.1403098538],[5.9842954129],[4.727475806],[1.2591848163],[0.9236264537],[0.9284701713],[1.0042150284],[-1.5609258761],[1.1605661272],[1.4985235736],[1.2241515663],[0.9300326544],[-1.5831649784],[-3.3307794518],[-3.5443196624],[-3.5389974141],[-3.4774213139],[-1.5837923438],[3.020001639],[2.9522236217]],"1":[[6.1400186496],[6.0060610829],[4.7294355209],[1.264347225],[0.9169117219],[0.9437600033],[1.0077460763],[-1.5662647653],[1.1328694829],[1.5206746692],[1.2283890605],[0.9085740247],[-1.5664413804],[-3.3336795915],[-3.5456026325],[-3.5196656004],[-3.4901919256],[-1.581966705],[2.8886950691],[2.9622966436]],"2":[[6.1335220759],[5.9803036443],[4.7194814175],[1.2582490972],[0.9246373063],[0.9437553667],[1.0195290403],[-1.555544402],[1.1606529399],[1.5032121403],[1.243117858],[0.9312745395],[-1.5581922195],[-3.307844004],[-3.5264789149],[-3.5377848828],[-3.4792620853],[-1.5657165581],[3.0174044556],[2.9731669385]],"3":[[6.1386249275],[6.0061392174],[4.7220496512],[1.2585764116],[0.917888477],[0.9212073252],[1.0031821318],[-1.562614298],[1.1625358823],[1.5031337786],[1.2407254221],[0.9344130358],[-1.5801139209],[-3.3273209806],[-3.5204752693],[-3.5438729292],[-3.4652840246],[-1.564638439],[2.9110011397],[2.9735432352]],"4":[[6.1434035182],[6.0037532706],[4.7229025813],[1.2380864118],[0.9388920103],[0.9218093769],[1.0051169987],[-1.5867770521],[1.1596647887],[1.2265878904],[1.2222244443],[0.932930683],[-1.5661576909],[-3.3105951372],[-3.5198258405],[-3.548974629],[-3.4847947143],[-1.5748309942],[3.031148143],[2.9482278735]],"5":[[6.1412681722],[6.0132292692],[4.7191312303],[1.2586912283],[0.9497809588],[0.9432082515],[1.0257373462],[-1.5763631206],[1.1675997569],[1.5278329403],[1.2435086788],[0.9270201509],[-1.5796758633],[-3.3295607489],[-3.5435979045],[-3.5398241102],[-3.4835073622],[-1.553624273],[3.0198738956],[2.9627676475]],"6":[[6.13726677],[5.9802938906],[4.7217979374],[1.2538864235],[0.9257341821],[0.9256327002],[0.9994778928],[-1.5838220057],[1.134309143],[1.2509300712],[1.221188482],[0.9076877541],[-1.5654039437],[-3.3345985556],[-3.5398659983],[-3.5427341229],[-3.4648485431],[-1.5621938757],[3.0363501248],[2.9620586874]],"7":[[6.1095063059],[6.0080180577],[4.7234408455],[1.2563243692],[0.9263947293],[0.9255237044],[1.0281200421],[-1.5813392958],[1.1466037768],[1.5297716778],[1.2236247793],[0.9287945245],[-1.563067633],[-3.3240438855],[-3.5411010009],[-3.5178238642],[-3.4807916323],[-1.5831165866],[2.9170994687],[3.1243982917]],"8":[[6.1397671355],[6.002268886],[4.7213581783],[1.2645317967],[0.9218383635],[0.9499057678],[1.021820762],[-1.5806876812],[1.1396149659],[1.5245099152],[1.2395857362],[0.9313484309],[-1.5754791502],[-3.3122473926],[-3.5384206324],[-3.5441006663],[-3.4866319142],[-1.5827080161],[2.9138221252],[2.9618741841]],"9":[[6.1151143055],[5.9832214278],[4.7034787224],[1.2366783602],[0.9204924208],[0.9234385741],[0.9999059878],[-1.5778413385],[1.1324593893],[1.5025818519],[1.2246005726],[0.9077151898],[-1.581956514],[-3.3256995716],[-3.5171036043],[-3.7544195016],[-3.4803135565],[-1.5632357282],[2.8855314956],[2.965010292]],"10":[[6.1405244356],[6.0103565646],[4.6962961568],[1.2577932446],[0.9243988559],[0.9294419665],[1.0076649492],[-1.558121841],[1.1374410651],[1.4956881784],[1.2428210732],[0.9257756088],[-1.5811713139],[-3.3271534632],[-3.5400892958],[-3.7488633632],[-3.5991185311],[-1.5530014185],[3.0355707439],[2.9690808194]],"11":[[6.1414771456],[6.0131885356],[4.7217010687],[1.2356479645],[0.9160060162],[0.9291273908],[1.0168475685],[-1.5786053659],[1.161419077],[1.2199395072],[1.2446424898],[0.9158033291],[-1.5826491875],[-3.3271820687],[-3.5434009032],[-3.5401647865],[-3.4646787936],[-1.5550986101],[3.0163454457],[2.9380689587]],"12":[[6.1346714534],[6.0084999697],[4.7035743797],[1.2613101873],[0.9274652693],[0.9225672345],[0.997793788],[-1.5658503676],[1.1582425457],[1.2405185072],[1.2229427211],[0.9076195367],[-1.5561082306],[-3.3143263667],[-3.5150248419],[-3.7521953797],[-3.4795158412],[-1.5765810012],[2.89256513],[2.9684830943]],"13":[[6.1189049393],[5.9824288791],[4.705372646],[1.235940022],[0.9486155175],[0.9259364435],[1.0246600972],[-1.5787142722],[1.1329282867],[1.5240406828],[1.2432008987],[0.9331670993],[-1.5659277314],[-3.3305529076],[-3.5180759404],[-3.5398688987],[-3.5991269748],[-1.5808483959],[2.8864266909],[3.1002806681]],"14":[[6.1382903878],[5.98004183],[4.7292783396],[1.258935275],[0.9235121454],[0.9168270453],[1.0225863411],[-1.5800429362],[1.1626123345],[1.4957952973],[1.2274386146],[0.9247802372],[-1.584211432],[-3.3033204391],[-3.5166691678],[-3.5396234189],[-3.6025405349],[-1.5585160921],[2.90053508],[2.9721608275]],"15":[[6.1127674286],[5.9813250059],[4.7218106552],[1.2562101543],[0.9196805205],[0.9235082466],[1.0070140421],[-1.5838204588],[1.1576400285],[1.2194822402],[1.2454941761],[0.9089850651],[-1.555385194],[-3.3303117542],[-3.5184831549],[-3.5355086737],[-3.4774606997],[-1.5754588385],[3.0155764178],[2.9663274678]],"16":[[6.1379906222],[5.9813134436],[4.7229008482],[1.2333694469],[0.9243665508],[0.945678312],[1.0197723797],[-1.5808734189],[1.1569425439],[1.5255758619],[1.2413489891],[0.9295227271],[-1.5834316561],[-3.3310038241],[-3.5228657498],[-3.7497496982],[-3.4860191187],[-1.5793253527],[2.9133206182],[2.9380221167]],"17":[[6.1388740972],[6.005972027],[4.7228695207],[1.2303443139],[0.9493385362],[0.9261969687],[1.0072922199],[-1.5771820879],[1.1662527788],[1.2296233353],[1.244557513],[0.9264187019],[-1.5763226253],[-3.3144446362],[-3.5229923176],[-3.7285336703],[-3.4811929668],[-1.5644838009],[3.0362290864],[2.9606769251]],"18":[[6.1398518292],[6.0040447971],[4.7207785845],[1.2531032704],[0.9168915661],[0.919913169],[1.0236760848],[-1.5851485598],[1.1630803514],[1.4960872286],[1.2225598255],[0.909031251],[-1.576516842],[-3.3244150752],[-3.5180003641],[-3.518975033],[-3.4802279241],[-1.5607283112],[3.020141868],[2.964475839]],"19":[[6.1098234554],[5.9812438236],[4.6999134356],[1.2552003157],[0.951355066],[0.9244303376],[1.0079526072],[-1.5787952706],[1.1561815056],[1.526337089],[1.2432246306],[0.9102916193],[-1.5822897222],[-3.3111015152],[-3.5184661837],[-3.748864298],[-3.4862362208],[-1.5772163741],[2.8955868862],[2.9456900491]],"20":[[6.1093385716],[6.0076549835],[4.6948240561],[1.2546335595],[0.9194296938],[0.9502708116],[1.022423096],[-1.58087034],[1.1320669557],[1.5244507473],[1.2416769248],[0.9108651643],[-1.5820472144],[-3.3343361964],[-3.5168351622],[-3.7533710213],[-3.6265677242],[-1.5584674274],[2.8854506699],[2.9607444839]],