{"exe_time":{"0":128.7711758614,"1":129.3456788063,"2":128.4421994686,"3":130.3142468929,"4":130.1355004311,"5":127.0388329029,"6":129.7410588264,"7":128.0794658661,"8":128.9046275616,"9":130.4307789803},"rmse":{"0":0.0900273475,"1":0.0886006629,"2":0.0902826277,"3":0.0895456965,"4":0.0898183866,"5":0.0890860333,"6":0.0892737264,"7":0.0885435105,"8":0.089566529,"9":0.0897534745},"RSS_q":{"0":0.3241969319,"1":0.3140030984,"2":0.3260381144,"3":0.3207372702,"4":0.3226937027,"5":0.3174528533,"6":0.3187919293,"7":0.3135981302,"8":0.3208865249,"9":0.3222274472},"weights":{"0":[[6.0884299579],[-0.1173732203],[-0.0250804365],[0.0739271279],[0.191382977],[0.2823954709],[0.409037397],[0.4887518888],[0.5866037951],[0.6471282851],[0.6209160427],[0.5504459694],[0.3669811377],[0.0849596239],[-0.2685578449],[-0.6249473814],[-0.9202778105],[-1.1174580507],[-1.2634175945],[-1.3958643095]],"1":[[6.0825012883],[-0.1109382473],[-0.011611253],[0.090785819],[0.1720998183],[0.3037451518],[0.410966174],[0.5113042068],[0.5707701001],[0.6178230275],[0.6407692516],[0.544083365],[0.3618595643],[0.0850581413],[-0.2777114631],[-0.636227807],[-0.9050289672],[-1.1482470555],[-1.2628943421],[-1.3751831102]],"2":[[6.0810952437],[-0.117325194],[-0.0080907335],[0.0668598766],[0.1775349876],[0.2791014905],[0.4102759004],[0.5101514408],[0.588866288],[0.6204635908],[0.6474054905],[0.5716525712],[0.3873123719],[0.0867689693],[-0.2555318901],[-0.6284903085],[-0.9239471864],[-1.1419551879],[-1.2691787834],[-1.3869239268]],"3":[[6.0833181163],[-0.1129080269],[-0.0284374454],[0.0903046203],[0.1696673748],[0.2835560625],[0.3871800712],[0.5089398979],[0.5762170468],[0.6204134414],[0.644036644],[0.5679128479],[0.3648919722],[0.1108658982],[-0.2515876219],[-0.6341127738],[-0.9095937671],[-1.1199907755],[-1.2696539773],[-1.3729771313]],"4":[[6.0838111179],[-0.1013549107],[-0.0227314206],[0.0739041688],[0.1763537935],[0.305350109],[0.4044076544],[0.4914991735],[0.5931263721],[0.63796089],[0.6457877362],[0.5462464396],[0.3927150659],[0.0822501021],[-0.2717137934],[-0.607828061],[-0.9045250695],[-1.1379892862],[-1.2694109677],[-1.3874581711]],"5":[[6.0901531232],[-0.0990876095],[-0.0085992236],[0.0878597983],[0.1665360753],[0.3045436429],[0.4145064285],[0.5111993994],[0.5868860685],[0.6383292805],[0.6503559777],[0.5685561304],[0.374111561],[0.0799478556],[-0.246557713],[-0.6305399454],[-0.9247042954],[-1.149183081],[-1.2636091433],[-1.3958937774]],"6":[[6.1064327401],[-0.1097052029],[-0.0220067423],[0.0854650299],[0.1665893516],[0.2837779634],[0.3877031678],[0.5114043736],[0.566845195],[0.6235454996],[0.6436452667],[0.5616556305],[0.3855924101],[0.1086132502],[-0.2805831236],[-0.6080193586],[-0.9282034353],[-1.1199203788],[-1.2687062557],[-1.3924932275]],"7":[[6.0901440067],[-0.0950460494],[-0.0018850898],[0.0684803713],[0.1887323718],[0.308232048],[0.4136270708],[0.506645048],[0.564633298],[0.6490207934],[0.6197714774],[0.5683827321],[0.3945801021],[0.1076222717],[-0.271663487],[-0.6059305886],[-0.9251245166],[-1.1190785687],[-1.2959932931],[-1.3923928343]],"8":[[6.0838338858],[-0.1090480174],[-0.0098251353],[0.0762934398],[0.1803037732],[0.2828963474],[0.3897704916],[0.511052154],[0.568921256],[0.6496098834],[0.6489087174],[0.5468955718],[0.382614628],[0.0827269978],[-0.2760549184],[-0.6325242664],[-0.9118593332],[-1.1264062655],[-1.268558309],[-1.371277716]],"9":[[6.083107239],[-0.1112190944],[-0.0282581488],[0.0699267419],[0.17777183],[0.3036549467],[0.4089329233],[0.5108168417],[0.5675002916],[0.6430231385],[0.6202217116],[0.5696997676],[0.3657136572],[0.100359477],[-0.2553754138],[-0.6148108255],[-0.9329633599],[-1.1386966688],[-1.2751668306],[-1.3849026282]]},"training_cost":{"0":[0.0004533849,0.001286139,0.0000510856,0.0003221241,0.0002140086,0.0000072882,0.0000066523,0.0000321439,0.0000013449,0.0000000355,0.0000021683,0.0000007022,0.0000000203,0.0000001269],"1":[0.0004450632,0.0012674549,0.0000475957,0.0003449384,0.0000085858,0.0003449384,0.0000926056,0.0000000164,0.0000058135,0.0000022269,0.0000002801,0.000000214,0.0000000071],"2":[0.0004496526,0.0012777445,0.0000495126,0.0003321708,0.0000074836,0.0003321708,0.0000878469,0.0000000022,0.0000066098,0.0000017903,0.0000003866,0.0000001412,0.0000000272],"3":[0.0004376584,0.0012509278,0.0000445451,0.0003665474,0.0000105581,0.0003665474,0.0001007074,0.0000001723,0.0000046202,0.000000805,0.000001201,0.0000000066,0.000000062,0.0000000171],"4":[0.000449355,0.0012770762,0.0000493877,0.0003329847,0.0000075524,0.0003329847,0.0000881496,0.0000000013,0.0000065569,0.0000017615,0.0000004011,0.0000001329,0.0000000311],"5":[0.0004446695,0.0012665738,0.0000474322,0.0003460557,0.0000086846,0.0003460557,0.0000057472,0.0000223438,0.0000013374,0.0000000205,0.0000022746,0.0000006674,0.0000000352,0.0000001273],"6":[0.0004521246,0.0012833018,0.0000505531,0.0003254834,0.0000069266,0.0003254834,0.0000853637,0.0000000198,0.0000070561,0.000002037,0.0000002766,0.0000002192,0.000000005,0.0000000806],"7":[0.0004521807,0.001283428,0.0000505768,0.0003253332,0.0000069142,0.0003253332,0.000085308,0.0000000204,0.0000070664,0.0000020428,0.0000002743,0.0000002212,0.0000000047,0.0000000794],"8":[0.0004591175,0.0012990794,0.0000535254,0.0003072567,0.0000054851,0.0003072567,0.0000786316,0.0000001619,0.000008382,0.0000028115,0.0000000665,0.0000003531,0.000000002,0.0000000277],"9":[0.0004507794,0.0012802765,0.0000499862,0.0003291062,0.0000072266,0.0003291062,0.0000867081,0.0000000081,0.0000068118,0.000001901,0.0000003341,0.0000001747,0.0000000149]},"seed":{"0":6289,"1":5295,"2":8079,"3":706,"4":5383,"5":8106,"6":3698,"7":6610,"8":8906,"9":1248}}