{"exe_time":{"0":379.9381783009,"1":395.4369957447,"2":383.4633352757,"3":398.2800614834,"4":411.7466499805,"5":334.3459951878,"6":286.3790361881,"7":270.3473052979,"8":266.3610267639,"9":268.5195739269},"rmse":{"0":0.0892735661,"1":0.0878732993,"2":0.088006774,"3":0.0898121631,"4":0.0885336523,"5":0.0893573388,"6":0.0893154158,"7":0.0896385329,"8":0.0890940862,"9":0.0972818168},"RSS_q":{"0":0.6375815687,"1":0.617737338,"2":0.6196153823,"3":0.6452979716,"4":0.6270566066,"5":0.6387787195,"6":0.6381794805,"7":0.6428053258,"8":0.6350204953,"9":0.7571001501},"weights":{"0":[[0.0060375783],[0.117265099],[0.1077227739],[0.2090627942],[0.2242024522],[0.2624132729],[0.4036073115],[0.4247954996],[0.4877992522],[0.6492793787],[0.7087653244],[0.7221382519],[0.8158851503],[0.9681412155],[0.9658586386],[1.0668106552],[1.1554878037],[1.2448632502],[1.3540937876],[1.5633235347],[1.6658680761],[1.5809817986],[1.5837710568],[1.583464653],[1.5604526072],[1.5638294449],[1.5817375325],[1.5790043142],[1.5834173435],[1.5816402863],[1.5789659667],[1.5752624353],[1.560859569],[1.5605036355],[1.5584558194],[1.5759412486],[1.5805774701],[1.5852030196],[1.5847756026],[1.582823556]],"1":[[-0.0103626692],[0.0596579484],[0.1431305328],[0.2101521559],[0.2195737503],[0.2708338648],[0.3315217495],[0.4694958583],[0.4731519117],[0.6281186844],[0.7031158412],[0.732519672],[0.7934146363],[0.9663807741],[0.9931449677],[1.0625910456],[1.2532921217],[1.2762406973],[1.3495437019],[1.5560139407],[1.6548865222],[1.5809733851],[1.5531158018],[1.5763803629],[1.5542629085],[1.583571996],[1.5813136373],[1.5843350863],[1.5801738267],[1.5754747449],[1.5782610583],[1.5758883258],[1.5796918028],[1.5549994097],[1.5825828284],[1.5791265663],[1.5800118493],[1.5765415239],[1.5581630529],[1.5562586798]],"2":[[-0.0118291599],[0.0322918513],[0.0826447293],[0.1664914586],[0.2263943157],[0.2814549214],[0.4008732166],[0.4792109831],[0.4874680832],[0.6273642722],[0.7013194313],[0.7093228235],[0.9009635987],[0.9827982893],[0.9717628578],[1.0833776689],[1.2741471978],[1.2479770315],[1.3425792108],[1.583389742],[1.6580663611],[1.5783157862],[1.5786787278],[1.5832118916],[1.5841040644],[1.5777030447],[1.561035309],[1.5752850226],[1.561051107],[1.5819809926],[1.5672477915],[1.5757122576],[1.5818815348],[1.5646759715],[1.5773209307],[1.5553183242],[1.5838672854],[1.5665094906],[1.5643471337],[1.5643872776]],"3":[[0.0052859478],[0.0291035444],[0.094656928],[0.2208973138],[0.2069012508],[0.2888122374],[0.3298336754],[0.5015604263],[0.4681374467],[0.5417006699],[0.6255689587],[0.723062571],[0.8164876489],[0.9861345108],[0.9728751021],[1.0595750993],[1.1523905311],[1.2475161847],[1.3659039375],[1.4635859831],[1.6849493352],[1.5613203636],[1.5878034865],[1.5531040864],[1.5606107184],[1.5810283229],[1.5796690312],[1.5860262199],[1.5818331936],[1.5769772897],[1.5773059516],[1.5816756334],[1.5776460915],[1.5758063474],[1.5761111128],[1.5785916105],[1.5763006629],[1.5785967492],[1.5755219433],[1.5775381399]],"4":[[0.0579583295],[0.0579128479],[0.1525508528],[0.2063941971],[0.2195989061],[0.2733815818],[0.3540410427],[0.4771826671],[0.4988015122],[0.6248115639],[0.7046145678],[0.7275659699],[0.8080442297],[0.9670338323],[0.970324281],[1.079708365],[1.147833744],[1.378563725],[1.3771919794],[1.5814125919],[1.5802990889],[1.5820345163],[1.559598522],[1.5795043061],[1.5835780335],[1.5620844725],[1.5835598179],[1.5872966436],[1.5653939593],[1.5774036271],[1.5661282397],[1.5658363082],[1.5531560906],[1.5807793759],[1.581054085],[1.5782530169],[1.5636266127],[1.5805485035],[1.5865019622],[1.5757513071]],"5":[[-0.0156111558],[0.1113961132],[0.0844212566],[0.2023826241],[0.2042589326],[0.2704046268],[0.3271976313],[0.4700156668],[0.4894486517],[0.6488614493],[0.7129743907],[0.7285447726],[0.784129003],[0.966992844],[0.9623042822],[1.0566785876],[1.1735682481],[1.2441190295],[1.3480089095],[1.582218587],[1.5858395028],[1.5779820507],[1.5846673748],[1.5607887122],[1.5574900222],[1.5615000083],[1.5830753178],[1.5801068294],[1.5797200167],[1.5625119235],[1.562893694],[1.5822104227],[1.5835717928],[1.57601735],[1.5758081257],[1.5574322503],[1.5799706894],[1.5829994299],[1.5814754239],[1.582558738]],"6":[[-0.0150785406],[0.0619715113],[0.1060847265],[0.2040647027],[0.2055026115],[0.2673474019],[0.3268766056],[0.467592051],[0.49866008],[0.6243424528],[0.645177107],[0.7261320358],[0.8069390682],[0.9637107842],[0.9707489209],[1.0609848822],[1.1531391407],[1.2493429585],[1.4510303659],[1.4834371938],[1.5748860791],[1.7468506142],[1.5589459281],[1.5747926984],[1.5658436499],[1.5640661939],[1.5541212066],[1.5559514053],[1.5797790881],[1.5842149162],[1.5754970516],[1.588370779],[1.5779062543],[1.5766712846],[1.5808247341],[1.5539361502],[1.5764826973],[1.5755361009],[1.5662130986],[1.5791265663]],"7":[[-0.0102345953],[0.0610692209],[0.1076447585],[0.2212985237],[0.2253444143],[0.3359764905],[0.4016648749],[0.4768926993],[0.4981027144],[0.6534474114],[0.703868863],[0.7228498988],[0.8998704248],[0.992771788],[0.9818503932],[1.0840821766],[1.2810601425],[1.351854302],[1.3559166871],[1.5851817438],[1.5798705882],[1.7454585125],[1.5591050352],[1.5876771121],[1.5816723428],[1.5818424669],[1.5611094734],[1.5790235996],[1.575909041],[1.5750145534],[1.5546755621],[1.5788419551],[1.581220482],[1.5861288225],[1.5784670411],[1.5833941858],[1.559429189],[1.5633614733],[1.5775895111],[1.580408737]],"8":[[-0.0107188572],[0.0613841258],[0.0911120299],[0.2022143093],[0.2030877916],[0.2661787474],[0.3947406921],[0.4718554769],[0.4914862984],[0.6227696526],[0.6273245435],[0.7077692629],[0.8985819918],[0.9948962291],[0.9856088002],[1.0526687019],[1.1491895652],[1.2776377124],[1.3536602369],[1.4775554423],[1.5876786092],[1.5638695367],[1.5576631934],[1.5810159467],[1.5754987839],[1.582426359],[1.561035309],[1.5810417936],[1.585239806],[1.5832776994],[1.5839201753],[1.5789294286],[1.5640122588],[1.5791880646],[1.5787598226],[1.583285376],[1.5867179674],[1.5778299492],[1.5617287185],[1.5797676427]],"9":[[0.0101079091],[0.0597724942],[0.086684792],[0.1439636596],[0.201367844],[0.2660929746],[0.3308171551],[0.5002296468],[0.4726686067],[0.6484218044],[0.7120372375],[0.7216521062],[0.7886046885],[0.9685498086],[0.9718984274],[1.0809704476],[1.2479789522],[1.2456179242],[1.3698817556],[1.5789297542],[1.685504409],[1.5823729413],[1.5860107352],[1.5617945014],[2.0306122774],[1.5622183937],[1.5795331086],[1.5826251802],[1.5548055621],[1.561814758],[1.5785218078],[1.5605029445],[1.5772371708],[1.5554365068],[1.5841273908],[1.5830796287],[1.5867587307],[1.5880785357],[1.5833497818],[1.5821816235]]},"training_cost":{"0":[0.0001667026,0.0000341155,0.0000579633,0.0000005944,0.0000579633,0.0000076596,0.0000049796,0.0000000007,0.0000007696,0.0000001979,0.0000000315,0.0000000253],"1":[0.0001652065,0.0000332211,0.0000612329,0.0000004335,0.0000612329,0.0000085024,0.0000045413,0.0000000215,0.0000010107,0.0000003235,0.0000000035,0.0000000688,0.000000036],"2":[0.0001716506,0.0000370957,0.0000481725,0.000001284,0.0000481725,0.0000052584,0.0000065301,0.0000001284,0.0000002173,0.0000000022,0.0000002173,0.000000065,0.000000007],"3":[0.0001692415,0.0000356406,0.0000527513,0.0000009192,0.0000527513,0.0000063562,0.0000057566,0.0000000299,0.0000004408,0.0000000569,0.0000001399,0.0000000018,0.0000000079],"4":[0.000167875,0.0000348186,0.0000555054,0.0000007365,0.0000555054,0.0000070384,0.0000053334,0.0000000044,0.0000006055,0.0000001218,0.0000000722,0.0000000043],"5":[0.0001684055,0.0000351374,0.0000544222,0.0000008053,0.0000544222,0.0000067682,0.0000054963,0.0000000116,0.0000005382,0.0000000936,0.000000096,0.0000000005,0.0000000242],"6":[0.0001689768,0.0000354812,0.0000532757,0.0000008824,0.0000532757,0.0000064849,0.0000056737,0.0000000232,0.0000004705,0.0000000676,0.0000001251,0.0000000005,0.0000000121],"7":[0.0001687633,0.0000353526,0.0000537018,0.0000008532,0.0000537018,0.0000065899,0.0000056072,0.0000000184,0.0000004953,0.0000000768,0.0000001138,0.0,0.0000000161],