{"exe_time":{"0":148.0257103443,"1":148.7312920094,"2":151.6157307625,"3":149.5176389217,"4":153.1364963055,"5":151.9238221645,"6":149.3442630768,"7":149.3774116039,"8":148.1299030781,"9":147.4622898102},"rmse":{"0":0.3357644373,"1":0.3355289719,"2":0.3366752875,"3":0.3338821998,"4":0.3369623305,"5":0.3347364892,"6":0.337598354,"7":0.3342767692,"8":0.3336127397,"9":0.3402456395},"RSS_q":{"0":4.5095102948,"1":4.5031876392,"2":4.5340099683,"3":4.4590929334,"4":4.5417444878,"5":4.4819406893,"6":4.5589059456,"7":4.4696383377,"8":4.451898403,"9":4.6306838076},"weights":{"0":[[5.9994394201],[5.9625447944],[-0.4111512988],[-0.6503252121],[-1.1483125019],[-2.1070136639],[-3.1615789182],[-3.769813921],[-3.9882967643],[-4.095177148],[-4.0728457323],[-4.0282285316],[-3.9697650763],[-3.9027373464],[2.4883784468],[2.4930219433],[2.6072184743],[2.6608510341],[2.738260549],[2.7700349876]],"1":[[6.0003641686],[5.9695914955],[-0.4161830698],[-0.6216010593],[-1.1274417814],[-2.1099911627],[-3.1755704131],[-3.7522807383],[-3.9884667179],[-4.0711881442],[-4.0928490003],[-4.0279737812],[-3.9822083129],[-3.8820493541],[2.480774239],[2.5147488132],[2.5939568038],[2.6567048313],[2.71733589],[2.7690401968]],"2":[[6.0230128578],[5.9660383518],[-0.4013243761],[-0.6381359184],[-1.1271936148],[-2.1061567264],[-3.1805094742],[-3.7620669911],[-4.0182300655],[-4.0989730441],[-4.1008907054],[-4.0389765278],[-3.9910652215],[-3.884957237],[2.4850759323],[2.4888448164],[2.7753745075],[2.66115231],[2.7423986623],[2.7666818446]],"3":[[6.0209042677],[5.9889434234],[-0.3927188499],[-0.6230779448],[-1.158196823],[-2.1074591275],[-3.1564625583],[-3.7490305857],[-3.9880734877],[-4.0944941422],[-4.0915055475],[-4.0531706109],[-3.9573390946],[-3.9061808003],[2.5049015304],[2.4864294286],[2.5958164877],[2.6681464206],[2.7315617527],[2.749136908]],"4":[[6.0157654923],[5.9604446971],[-0.390742],[-0.6397081731],[-1.1456181389],[-2.123108167],[-3.1581132768],[-3.744343632],[-4.0212928772],[-4.0911231157],[-4.0957165581],[-4.024979915],[-3.9820436516],[-3.9055603425],[2.484716174],[2.4944265122],[2.7510774522],[2.665444623],[2.7345279113],[2.7728596061]],"5":[[6.011861934],[5.986705565],[-0.421664281],[-0.6263494266],[-1.1562525242],[-2.1098161691],[-3.1757067298],[-3.7713065605],[-4.0157520587],[-4.0928969954],[-4.0984668158],[-4.0315703822],[-3.960218911],[-3.8845933774],[2.4897310868],[2.511736121],[2.7717320825],[2.6540867007],[2.7316098822],[2.7659495506]],"6":[[5.9954270477],[5.961327711],[-0.3959973926],[-0.6384889445],[-1.1545926142],[-2.12065352],[-3.1808224093],[-3.7668320395],[-4.0092748752],[-4.073408826],[-4.0708853741],[-4.0557946055],[-3.9712777542],[-3.9063568511],[2.4844417671],[2.4809463585],[2.7740544343],[2.6649939745],[2.7378154556],[2.7714844223]],"7":[[6.0131378152],[5.9823648741],[-0.3907156772],[-0.6390572419],[-1.1532884341],[-2.0991407924],[-3.1735663937],[-3.743004537],[-3.9938800809],[-4.0707388523],[-4.070216263],[-4.0345582574],[-3.9807242702],[-3.9074207892],[2.488048316],[2.4801599128],[2.7540796904],[2.6667299855],[2.7391682352],[2.7525378953]],"8":[[6.0111142722],[5.9900155157],[-0.4153931563],[-0.6391194089],[-1.1314851562],[-2.1215580206],[-3.1758785757],[-3.7663888872],[-3.999942048],[-4.0912440434],[-4.0724287102],[-4.0252355116],[-3.9887846461],[-3.898804238],[2.4825485237],[2.4932513071],[2.7710180945],[2.6547376842],[2.7305633667],[2.7427807405]],"9":[[6.0221583215],[5.96224995],[-0.4173978741],[-0.6241942921],[-1.1488402424],[-2.1051402565],[-3.1719908924],[-3.7668248113],[-4.0153879715],[-4.096541256],[-4.0690715845],[-4.0319895705],[-3.9870981596],[-3.9054526811],[2.4843969947],[2.4906526505],[2.7504342452],[2.6641460921],[3.0052819289],[2.771349823]]},"training_cost":{"0":[0.0238679049,0.0196269309,0.0126144742,0.1271550227,0.0048634551,0.1271550227,0.0094083581,0.0020858832,0.0000216583,0.0065886047,0.0007977343,0.0001118724,0.0001277177,0.0000000067,0.0000227033],"1":[0.0238718956,0.019631769,0.0126252688,0.1240705532,0.0048846769,0.1240705532,0.0000259545,0.1240705532,0.0064194779,0.0008158137,0.0001009365,0.0001370167,0.0000003008,0.0000182302],"2":[0.0238813573,0.0196432298,0.0126508074,0.1170794122,0.0168405191,0.0094590145,0.0049348964,0.0000375708,0.1170794122,0.0060328036,0.0008591303,0.0000774855,0.0001601486,0.0000027036,0.0000096571],"3":[0.0238314017,0.0195825622,0.0125150978,0.1596008386,0.0046682476,0.1596008386,0.0092696239,0.0018854474,0.0000002532,0.0083169309,0.0012416878,0.0001935585,0.0000512431,0.0000255209],"4":[0.023816477,0.0195643615,0.0124741325,0.1753829397,0.0045878822,0.1753829397,0.0000015834,0.1753829397,0.0091272973,0.0005760258,0.0003139349,0.0000346704,0.0000382778],"5":[0.0238842956,0.019646786,0.0126587225,0.1149969183,0.0049504639,0.1149969183,0.0000415778,0.1149969183,0.0059167104,0.0008727075,0.0000708951,0.000167635,0.0000039262,0.0000075628],"6":[0.0238620907,0.0196198779,0.0125987229,0.1317999785,0.0048324939,0.1317999785,0.0000160582,0.1317999785,0.0068416347,0.0007716028,0.0001289465,0.0001146697,0.0000003638,0.0000301568],"7":[0.0239431513,0.0197177392,0.0128157296,0.0807495025,0.0052594727,0.0807495025,0.0001578161,0.0807495025,0.0039448116,0.0011557992,0.0000012201,0.0003073654,0.000079632,0.0000124889],"8":[0.0237942471,0.0195371874,0.0124127527,0.2021149641,0.0044676078,0.2021149641,0.0000156455,0.2021149641,0.0104612858,0.0004875481,0.0004407103,0.0000117269,0.0000610233],"9":[0.0238225296,0.0195717468,0.012490769,0.1687868371,0.0046205113,0.1687868371,0.0000002908,0.1687868371,0.008790817,0.000600941,0.0002838188,0.0000428447,0.0000294173]},"seed":{"0":6335,"1":3914,"2":4233,"3":5933,"4":4694,"5":3792,"6":1855,"7":5971,"8":7432,"9":8414}}