{"exe_time":{"0":300.3875858784,"1":354.4570317268,"2":584.3110897541,"3":957.9242246151,"4":782.6628336906,"5":382.0837364197,"6":315.0279307365,"7":650.4003138542,"8":422.0154032707,"9":448.6670811176},"rmse":{"0":0.0883729292,"1":0.0874334397,"2":0.0885894121,"3":0.088080856,"4":0.0874952638,"5":0.0872175017,"6":0.0874170801,"7":0.088032019,"8":0.0885660234,"9":0.0882257661},"RSS_q":{"0":0.6247819694,"1":0.6115685097,"2":0.6278467145,"3":0.6206589762,"4":0.6124336954,"5":0.6085514085,"6":0.6113396711,"7":0.6199709102,"8":0.6275152398,"9":0.622702864},"weights":{"0":[[6.0834891955],[6.0997315646],[-0.1377250533],[-0.0650085857],[-0.0305639687],[0.0214812745],[0.0443436324],[0.1011835694],[0.169611729],[0.2177405821],[0.2613467938],[0.3310443401],[0.3597494667],[0.4154059741],[0.4936028244],[0.5064385319],[0.5782776887],[0.60786514],[0.6433421161],[0.6568618016],[0.6568642891],[0.6401063927],[0.576018886],[0.5350510558],[0.440499404],[0.3096562172],[0.175921972],[-0.0069460607],[-0.1620487906],[-0.3421931555],[-0.5522252653],[-0.7129936941],[-0.8422581639],[-0.969831114],[-1.1055577225],[-1.172872501],[-1.2381464328],[-1.3142359337],[-1.3504331667],[-1.4107812068]],"1":[[6.0878510506],[6.1085847186],[-0.1404827212],[-0.0672957453],[-0.0277751213],[0.0237813455],[0.0443436324],[0.0952132306],[0.1554080681],[0.2269479512],[0.258570312],[0.3315761244],[0.3833226832],[0.4183681377],[0.4855178778],[0.5326347317],[0.5556711568],[0.6051349891],[0.6398235171],[0.6519865854],[0.6567968683],[0.6101479015],[0.571733448],[0.5151359753],[0.4204051634],[0.3226132823],[0.1589335227],[0.0200562557],[-0.1610127163],[-0.3494013612],[-0.5294943844],[-0.7136631339],[-0.8470973088],[-0.963166557],[-1.0938120092],[-1.1686808892],[-1.2402294529],[-1.3024591354],[-1.3463560307],[-1.4115489018]],"2":[[6.0709884977],[6.1047874417],[-0.1367499462],[-0.0869785518],[-0.0229243811],[0.0009009997],[0.0425477983],[0.0931383028],[0.1660668898],[0.2198657317],[0.2573273875],[0.33160312],[0.3875811307],[0.4155295385],[0.4706275195],[0.5187241361],[0.5692722171],[0.5850529585],[0.6150349876],[0.6513045869],[0.6467082776],[0.613935275],[0.597206263],[0.5164716556],[0.4209684743],[0.3018660382],[0.1587069181],[-0.0109599715],[-0.158288902],[-0.3466441187],[-0.5501673675],[-0.7011555998],[-0.8365809688],[-0.9645686304],[-1.0725200852],[-1.1734518846],[-1.2462467294],[-1.2973932591],[-1.3522660493],[-1.4125222856]],"3":[[6.0925026923],[6.109378243],[-0.1383325271],[-0.0923098108],[-0.0479451204],[-0.0070948366],[0.0752321645],[0.1248346208],[0.1733671699],[0.202012817],[0.2773662702],[0.3265894524],[0.3692043093],[0.4228743691],[0.4691664023],[0.5184708221],[0.5786745833],[0.5883985747],[0.6098392989],[0.6529862516],[0.6474566272],[0.6177138263],[0.5679551231],[0.5324612372],[0.4245194863],[0.3005425239],[0.1607889499],[-0.006422842],[-0.1884377264],[-0.3427395787],[-0.5269101513],[-0.7227608992],[-0.8354908376],[-0.9867372876],[-1.1023879017],[-1.1690182014],[-1.2679911987],[-1.3151659737],[-1.3463270626],[-1.410438921]],"4":[[6.082288255],[6.1317595519],[-0.1123171926],[-0.0898860773],[-0.0298215136],[0.0203917357],[0.0443810874],[0.125521526],[0.1559358234],[0.198768465],[0.2569743916],[0.3124755247],[0.3668631191],[0.420084038],[0.4606187723],[0.5180854914],[0.5555922397],[0.6171569133],[0.6088321033],[0.6359342187],[0.651337089],[0.6408521428],[0.5941339532],[0.5144108818],[0.4409462675],[0.3228949214],[0.1828627528],[-0.0042670909],[-0.1825788806],[-0.3646545435],[-0.5526358004],[-0.7104857105],[-0.8354935715],[-0.9650089618],[-1.0760395695],[-1.1717600402],[-1.2418200075],[-1.3011930366],[-1.3426611456],[-1.4070602611]],"5":[[6.0723557973],[6.1079694411],[-0.1129087908],[-0.0983599254],[-0.024944901],[0.002874346],[0.0682385555],[0.1244871026],[0.1569350032],[0.2257877314],[0.2630075537],[0.3314293146],[0.3600323383],[0.4193747429],[0.471139954],[0.5336610733],[0.5597079807],[0.6070415112],[0.6171787498],[0.6289645448],[0.6503266862],[0.6146358199],[0.5737406157],[0.5117783396],[0.4450459152],[0.3235922444],[0.1795071334],[-0.0046402017],[-0.1642200165],[-0.3713431883],[-0.5340334007],[-0.7170684791],[-0.8486022609],[-0.9758484099],[-1.0981726888],[-1.1846950655],[-1.2422331634],[-1.3010751353],[-1.3424642806],[-1.40650986]],"6":[[6.0850091511],[6.1246759698],[-0.1194077893],[-0.0918609137],[-0.0260910606],[0.0250733653],[0.0657990876],[0.1027745616],[0.1527675029],[0.2230947336],[0.2598018075],[0.3383013709],[0.3617142042],[0.4163084072],[0.4600469351],[0.5185313546],[0.5521373308],[0.612560135],[0.6160095704],[0.6546784667],[0.6539148156],[0.6133022688],[0.5906935054],[0.5118330042],[0.4226329524],[0.3277759927],[0.1678777595],[-0.0026080547],[-0.1608017401],[-0.348679954],[-0.5274398637],[-0.712353567],[-0.8424632626],[-0.9641400763],[-1.0933135503],[-1.1940741244],[-1.2428541884],[-1.3217304664],[-1.3524780333],[-1.4054518267]],"7":[[6.0600312088],[6.105973826],[-0.1303347401],[-0.0916453212],[-0.0261908186],[0.000656624],[0.0689978651],[0.1247998979],[0.1493890138],[0.2231803758],[0.2785263917],[0.3342196691],[0.3899097861],[0.4203433631],[0.4723613361],[0.5128601438],[0.5535378479],[0.5907859054],[0.6114108968],[0.654244701],[0.653277994],[0.6168523024],[0.6022909519],[0.5094657426],[0.4219213898],[0.3284259526],[0.1800194158],[-0.007075677],[-0.1659590921],[-0.3451579364],[-0.5216670108],[-0.6940231245],[-0.8700207867],[-0.971077837],[-1.1049289382],[-1.1719604211],[-1.2638486612],[-1.3234284567],[-1.3669174712],[-1.3921539242]],"8":[[6.0719564069],[6.1123889643],[-0.1140053935],[-0.086194901],[-0.0295333282],[-0.005736333],[0.0691837408],[0.101434726],[0.1506346909],[0.2204198211],[0.2564979412],[0.3106982812],[0.3634178786],[0.4097244443],[0.4710737817],[0.5403154556],[0.5529847236],[0.6082992236],[0.614638747],[0.6562624525],[0.6244809926],[0.6100043488],[0.589776101],[0.5092610987],[0.4188604335],[0.3288180439],[0.1837879232],[0.0185103998],[-0.1619234891],[-0.3674714016],[-0.5560067484],[-0.7096115152],[-0.8416170022],[-0.9749983907],[-1.105775063],[-1.1811151161],[-1.2630415302],[-1.304211432],[-1.3749368328],[-1.4148311696]],"9":[[6.0696665676],[6.1077477147],[-0.1366191216],[-0.0885409946],[-0.0241511157],[0.0037951562],[0.0738996114],[0.0975225406],[0.1450467467],[0.2231602548],[0.2597369101],[0.3093056619],[0.3647233001],[0.4198875604],[0.470838274],[0.5074635362],[0.5575068611],[0.5906884573],[0.6179965479],[0.6299048494],[0.6567562945],[0.616080174],[0.5968766056],[0.5320896722],[0.4183136125],[0.329752436],[0.1804340071],[-0.0077929763],[-0.1691478816],[-0.3701983247],[-0.5430886415],[-0.7167122633],[-0.844786259],[-0.993907991],[-1.1029807334],[-1.1839339164],[-1.2376920269],[-1.3040876219],[-1.3548930598],[-1.391398373]]},"training_cost":{"0":[0.0001167566,0.0003203418,0.0000151207,0.000071706,0.0000007868,0.000071706,0.000017085,0.0000002242,0.0000012195,0.0000000214,0.0000000357,0.0000000004,0.0000000357,0.0000000164],"1":[0.0001137271,0.0003136915,0.000013755,0.0000796702,0.0000013046,0.0000796702,0.0000022428,0.0000072654,0.0000001855,0.0000000595,0.000000784,0.0000003233,0.0000000062,0.0000000079,0.0000000008,0.0000000186],"2":[0.0001143637,0.0003150838,0.0000140394,0.0000779303,0.0000552565,0.000002378,0.0000011834,0.0000192942,0.0000069387,0.0000001438,0.0000000857,0.0000003797,0.0000000164,0.0000000015,0.0000000433,0.0000000216],"3":[0.0001168041,0.0003204465,0.0000151423,0.0000715875,0.0000007799,0.0000715875,0.0000170433,0.0000002275,0.0000012269,0.0000000225,0.0000000343,0.0000000003,0.0000000343,0.0000000155],"4":[0.0001129751,0.0003120506,0.0000134208,0.0000817727,0.0000014565,0.0000817727,0.0000020872,0.0000076644,0.0000002419,0.0000000345,0.0000006891,0.000000262,0.0000000004,0.0000000221,0.0000000077],"5":[0.0001130501,0.000312214,0.0000134541,0.0000815607,0.0000542912,0.0000021026,0.0000014409,0.0000076239,0.0000002359,0.0000000367,0.0000006983,0.0000002679,0.0000000007,0.0000000204,0.0000000067],