{"exe_time":{"0":148.1454026699,"1":137.2743322849,"2":137.9726309776,"3":134.2665295601,"4":140.2113070488,"5":132.0117309093,"6":140.0089435577,"7":133.1952962875,"8":134.3402385712,"9":136.5365629196,"10":139.4379816055,"11":131.3018944263,"12":132.6182084084,"13":138.5559499264,"14":138.1204197407,"15":138.4364101887,"16":136.3151376247,"17":141.0394260883,"18":141.8972139359,"19":140.3854269981,"20":144.4536232948,"21":134.77470994,"22":143.3079278469,"23":134.0091407299,"24":130.5686681271},"rmse":{"0":0.0882194869,"1":0.0901858444,"2":0.0887368099,"3":0.0867558716,"4":0.0888538506,"5":0.0887620993,"6":0.0909723018,"7":0.0905854304,"8":0.0902692817,"9":0.0899089477,"10":0.0893709276,"11":0.088173762,"12":0.088167793,"13":0.0884191315,"14":0.0891100088,"15":0.0890067626,"16":0.0883034236,"17":0.089932323,"18":0.0891554275,"19":0.0899891256,"20":0.0893683197,"21":0.0894030152,"22":0.0885690763,"23":0.090169906,"24":0.0893480439},"RSS_q":{"0":0.3113071148,"1":0.3253394615,"2":0.3149688572,"3":0.3010632503,"4":0.3158002705,"5":0.3151484108,"6":0.3310383876,"7":0.3282288079,"8":0.325941729,"9":0.3233447549,"10":0.3194865083,"11":0.3109844924,"12":0.3109423891,"13":0.3127177123,"14":0.3176237468,"15":0.3168881513,"16":0.3118997849,"17":0.3235129088,"18":0.3179476098,"19":0.3239217087,"20":0.319467863,"21":0.3197159653,"22":0.3137792512,"23":0.3252244778,"24":0.3193229178},"weights":{"0":[[6.0862257336],[-0.0891815766],[-0.0057156772],[0.0703248227],[0.1883647781],[0.3074941983],[0.4119642611],[0.5108268572],[0.5723865605],[0.6239944469],[0.6463860583],[0.5693684629],[0.3948709455],[0.078781624],[-0.2572871328],[-0.6076265727],[-0.8987545657],[-1.122058289],[-1.269125517],[-1.383563413]],"1":[[6.0850418464],[-0.0954802415],[-0.0099705128],[0.0720538622],[0.1745535659],[0.2775760567],[0.4073861912],[0.5055735746],[0.5859819469],[0.6384239681],[0.6369176222],[0.5472290895],[0.3864366118],[0.1063962027],[-0.2743430939],[-0.6080415893],[-0.9274973122],[-1.1469638349],[-1.2976300033],[-1.3959659519]],"2":[[6.0986161053],[-0.1217979869],[-0.0001562068],[0.0680444259],[0.1773130129],[0.3046103573],[0.410966174],[0.512108816],[0.570266647],[0.6433718747],[0.6387986333],[0.5521294487],[0.3877988338],[0.1104415632],[-0.2556930491],[-0.6376269738],[-0.9248775116],[-1.14518996],[-1.2674355806],[-1.3906888957]],"3":[[6.1006006142],[-0.0913816783],[-0.0066017315],[0.0867366291],[0.2010617918],[0.279785309],[0.4049539506],[0.505602841],[0.5658222397],[0.616061694],[0.6211430418],[0.543807831],[0.3890821375],[0.110535678],[-0.2750605993],[-0.63441906],[-0.9201156329],[-1.1176677184],[-1.2974688989],[-1.369546348]],"4":[[6.0768413855],[-0.0931212012],[-0.0275501964],[0.0892039716],[0.1781191983],[0.2807209686],[0.4139663587],[0.488566208],[0.5696707046],[0.6399317024],[0.6430036355],[0.5505762748],[0.3888027792],[0.0829367555],[-0.2565492021],[-0.6381645086],[-0.9224420687],[-1.116267782],[-1.2671323448],[-1.3657779416]],"5":[[6.1028537883],[-0.1017063571],[-0.0236882601],[0.0865902442],[0.1775420935],[0.2963271415],[0.4149848766],[0.4932522805],[0.5667394566],[0.6437259252],[0.650479716],[0.5438115136],[0.3662446198],[0.0838655006],[-0.2541830443],[-0.6331399814],[-0.9340009441],[-1.1479188172],[-1.2726811221],[-1.3883371259]],"6":[[6.0790679121],[-0.1175565665],[-0.0256018334],[0.0673591868],[0.178226863],[0.3061773153],[0.390137756],[0.5045345409],[0.5872440843],[0.6397488132],[0.6180361009],[0.5493056619],[0.3905423511],[0.0804723054],[-0.2723027603],[-0.6329311402],[-0.9265586839],[-1.1285984599],[-1.2982185056],[-1.3910152781]],"7":[[6.0806488559],[-0.1181611052],[-0.0065628062],[0.0649951518],[0.173906124],[0.2834146363],[0.4147401037],[0.4905750325],[0.5664182484],[0.6240367093],[0.6223673761],[0.5619354684],[0.3692246274],[0.0764565015],[-0.271707411],[-0.6036286322],[-0.9087396466],[-1.120342762],[-1.2920266034],[-1.3880943172]],"8":[[6.0780403566],[-0.0929530434],[-0.0213383833],[0.0761255408],[0.1717105106],[0.2813103606],[0.414975806],[0.5085319159],[0.5973543994],[0.6431735237],[0.6444571033],[0.544752101],[0.3734593821],[0.1067834063],[-0.2512482914],[-0.6046186214],[-0.9287427835],[-1.1209250173],[-1.2943204078],[-1.3924983746]],"9":[[6.0875226184],[-0.1157488937],[-0.0078920398],[0.0652421699],[0.2018593268],[0.2750879055],[0.3877829754],[0.4827463437],[0.587597559],[0.6462622079],[0.6461214505],[0.5499663047],[0.3951930464],[0.0983148792],[-0.2794026203],[-0.6134929594],[-0.9222644916],[-1.1192469831],[-1.2897214041],[-1.3731744484]],"10":[[6.0996608193],[-0.0949308003],[-0.0261073606],[0.0876790194],[0.1774818021],[0.2781188236],[0.3871646363],[0.5113646425],[0.5635435665],[0.6503034865],[0.6486486623],[0.5513550982],[0.3628751229],[0.0808168192],[-0.2691941233],[-0.6088772001],[-0.9095416323],[-1.1265110706],[-1.288446148],[-1.3720728082]],"11":[[6.1035291372],[-0.0965371748],[-0.0083315736],[0.0862168435],[0.1727545948],[0.2731939211],[0.4090198164],[0.5142518788],[0.5886559243],[0.6443460276],[0.6200545888],[0.57252851],[0.3636511068],[0.0837008619],[-0.2576836036],[-0.6325242664],[-0.9207170457],[-1.1234957691],[-1.2747521349],[-1.3731744166]],"12":[[6.1020802413],[-0.09971779],[-0.0115615062],[0.075579852],[0.1756945121],[0.3005424937],[0.4143415977],[0.512652994],[0.5979294437],[0.6501326051],[0.6500631028],[0.5407838055],[0.3673544659],[0.0835517913],[-0.2719178686],[-0.6326077294],[-0.9207707375],[-1.1371992531],[-1.2639696039],[-1.370053534]],"13":[[6.0880687261],[-0.0905317264],[-0.0090215539],[0.0777129261],[0.1725130175],[0.3049975841],[0.4038746359],[0.508725806],[0.5727269978],[0.6373068508],[0.6194168439],[0.5450478849],[0.3714803185],[0.0845377362],[-0.2687924919],[-0.6052735817],[-0.9007156336],[-1.1250091674],[-1.2970394894],[-1.3720225183]],"14":[[6.0812760888],[-0.11058002],[-0.0210258558],[0.0756761008],[0.1775050083],[0.3041820672],[0.4074860468],[0.5080850602],[0.57078654],[0.6388368661],[0.6212000325],[0.5624790034],[0.363321627],[0.0779620265],[-0.2742233297],[-0.6327360532],[-0.9330021303],[-1.1255714851],[-1.26962034],[-1.3694362195]],"15":[[6.1072395505],[-0.1099178967],[-0.0224296364],[0.0738915274],[0.1760946919],[0.281744194],[0.3810966489],[0.4923526329],[0.598302107],[0.6429932577],[0.6467166105],[0.5460338504],[0.3618363348],[0.1101178647],[-0.2709745386],[-0.6320572524],[-0.9217066605],[-1.150036006],[-1.2668573467],[-1.3639990552]],"16":[[6.1057565094],[-0.0959212039],[-0.010504151],[0.0706056942],[0.1737598226],[0.280685591],[0.4049539506],[0.4846457404],[0.5679260632],[0.6418477941],[0.6415732747],[0.5606656637],[0.3692769744],[0.101402374],[-0.2527651178],[-0.6124804072],[-0.9082270378],[-1.120830237],[-1.2703136233],[-1.3731023305]],"17":[[6.0846856432],[-0.1093630765],[-0.0282821636],[0.0870532874],[0.1696180858],[0.2814432858],[0.4148188779],[0.4893599301],[0.5978560709],[0.6227696526],[0.6381083435],[0.547791584],[0.3620949683],[0.0817083677],[-0.2543103771],[-0.6087401774],[-0.9230082063],[-1.1500093027],[-1.2870108004],[-1.3737094403]],"18":[[6.1062917033],[-0.1122097564],[-0.0033706939],[0.0753196144],[0.1720899],[0.2781934781],[0.4092072372],[0.502161963],[0.5894556069],[0.6180972458],[0.6422193114],[0.5703984722],[0.3938478703],[0.0898797417],[-0.2747567484],[-0.6073545101],[-0.921398373],[-1.1268708119],[-1.2689805017],[-1.3934372988]],"19":[[6.0795016285],[-0.0999204715],[-0.010787036],[0.0749498969],[0.1706098088],[0.2732110131],[0.4079308481],[0.4813748675],[0.5667403544],[0.6397078995],[0.6157321737],[0.5424280658],[0.395656624],[0.0898528338],[-0.2576142033],[-0.6086322302],[-0.9085014706],[-1.1245751479],[-1.2968134248],[-1.3840384476]],"20":[[6.0830592525],[-0.0952098052],[-0.0118616972],[0.0687741087],[0.1773729413],[0.2756276878],[0.4081772035],[0.4843747392],[0.5634533218],[0.6161961766],[0.6169497045],[0.5688454281],[0.3874756142],[0.0862341718],[-0.2721611295],[-0.6329070405],[-0.9274346153],[-1.1230937912],[-1.2670984337],[-1.3885795165]],