{"exe_time":{"0":326.3518652916,"1":328.4932694435,"2":302.4880852699,"3":294.6410865784,"4":287.4521427155,"5":288.5409955978,"6":309.6121506691,"7":324.4813172817,"8":294.8460569382,"9":306.9190940857},"rmse":{"0":0.1617209061,"1":0.159899902,"2":0.1600094111,"3":0.1594698692,"4":0.1581668599,"5":0.1600531521,"6":0.1584001753,"7":0.1604512962,"8":0.1595109311,"9":0.1598150548},"RSS_q":{"0":2.092292118,"1":2.0454382937,"2":2.04824093,"3":2.0344511351,"4":2.0013404467,"5":2.0493609195,"6":2.0072492423,"7":2.0595694758,"8":2.0354989706,"9":2.043268139},"weights":{"0":[[0.8452881871],[0.7841086769],[0.7646482685],[0.7232125779],[0.6711775575],[0.6524287278],[0.6341094228],[0.6401296602],[0.6164052273],[0.5482781044],[0.6164844223],[0.6437737402],[0.645177463],[0.6432924985],[0.6632526554],[0.6743524067],[0.7231472509],[0.7151620032],[0.7431809353],[0.7796558668],[1.3444930209],[1.344295343],[1.342184483],[1.3408141768],[1.34162495],[1.3409256959],[1.3407469219],[1.3451690641],[1.3380593404],[1.344830616],[1.3423490079],[1.3493568002],[1.3409931289],[1.3446429118],[1.3496714313],[1.3495429483],[1.3451447496],[1.3477540333],[1.3159744443],[1.3434727458]],"1":[[0.8401946783],[0.7729099791],[0.7380117539],[0.7285980122],[0.6830138464],[0.6482561021],[0.6351939852],[0.6270377367],[0.6472312068],[0.6429235986],[0.618887756],[0.6217347285],[0.653924406],[0.6634140697],[0.6574653539],[0.6912292133],[0.720757721],[0.7150299366],[0.7719846584],[0.7781678362],[1.3491407458],[1.3189783863],[1.3147838631],[1.3202532851],[1.3465181841],[1.3473558642],[1.3205764153],[1.3417438089],[1.3431890913],[1.3411993352],[1.3486770922],[1.3202709264],[1.3150504403],[1.3367325477],[1.318346404],[1.34162495],[1.3393063509],[1.3430567024],[1.3492616368],[1.34163237]],"2":[[0.8217558578],[0.784046939],[0.7561686865],[0.7322944794],[0.676566665],[0.6810114007],[0.6645305991],[0.6432656174],[0.6207739991],[0.612229061],[0.7221965433],[0.6219462611],[0.6455095294],[0.6605898487],[0.6722496036],[0.6740037358],[0.7130179791],[0.7466231028],[0.7683673574],[0.7878889517],[1.32000213],[1.3488852418],[1.3422626811],[1.33623917],[1.3412428744],[1.3181464789],[1.3374674669],[1.3469286284],[1.3225647391],[1.3488266453],[1.3400229084],[1.3495781163],[1.3390370472],[1.3415167242],[1.3428820241],[1.3160503265],[1.3444377517],[1.3175084134],[1.3264082026],[1.3473686341]],"3":[[0.8428854478],[0.7787076987],[0.7399335802],[0.719816627],[0.6923400553],[0.6830902071],[0.6406031601],[0.643406504],[0.4972948211],[0.5397692132],[0.7178212847],[0.6234868959],[0.6455656098],[0.6653061521],[0.678661424],[0.7004809149],[0.7121473491],[0.7485937345],[0.7744468363],[0.80237747],[1.3411416084],[1.3380407476],[1.3140377439],[1.3416684573],[1.336652509],[1.3480611043],[1.3445493819],[1.3153392416],[1.344145928],[1.3388639552],[1.3485258282],[1.3250210568],[1.3372078995],[1.3445927838],[1.3378458828],[1.3488515434],[1.3384276258],[1.3456772035],[1.3269821728],[1.3372910793]],"4":[[0.8252510522],[0.7786435017],[0.7366880646],[0.7054128741],[0.6758556579],[0.654431498],[0.6432694863],[0.6300126889],[0.5299890516],[0.6431395534],[0.614232837],[0.6447023767],[0.6550205718],[0.6555857842],[0.6800167134],[0.6783499429],[0.6913550277],[0.7219702543],[0.7660106708],[0.8085583744],[1.3467263377],[1.3156204343],[1.3417614922],[1.3478207861],[1.3420802413],[1.3464280554],[1.3279921949],[1.3160548695],[1.3203798204],[1.3446958142],[1.346018886],[1.3429506699],[1.3255340886],[1.3493662944],[1.3153926427],[1.3151815852],[1.3179831756],[1.3425461118],[1.3454766897],[1.3225327093]],"5":[[0.8268860414],[0.7765816305],[0.7602614445],[0.7100578293],[0.7040096915],[0.6565645876],[0.6585561884],[0.6452149],[0.4983151389],[0.617059726],[0.6209828415],[0.6158494687],[0.6235846668],[0.6389771184],[0.6559010422],[0.671522688],[0.7149114275],[0.7458721945],[0.7726709856],[0.7974714826],[1.3436558347],[1.3381036786],[1.3414441248],[1.3484790895],[1.3420581969],[1.3371570904],[1.3413027577],[1.3356233228],[1.3263890663],[1.3473449809],[1.3436915651],[1.3361597945],[1.3382739991],[1.3166389578],[1.3404657607],[1.3366667936],[1.3475215684],[1.3146346138],[1.3482709849],[1.3394298989]],"6":[[0.8295281618],[0.7764916519],[0.7319062088],[0.7227455778],[0.6699184428],[0.6545383177],[0.6399964396],[0.6449261443],[0.6194025963],[0.6179933271],[0.6970727198],[0.6139125919],[0.6449592029],[0.6482561021],[0.6491347906],[0.6815829597],[0.7157757764],[0.7478666274],[0.7730145551],[0.8052592502],[1.3458327539],[1.3177775961],[1.3177265465],[1.3419340642],[1.3474197903],[1.3356364258],[1.3443380306],[1.3142774593],[1.3366667936],[1.3453945714],[1.3254820825],[1.3495651892],[1.3194877805],[1.3449371626],[1.3234443172],[1.3150580577],[1.3261908203],[1.3218848885],[1.3473697734],[1.347068715]],"7":[[0.8291627815],[0.7758655821],[0.7614188304],[0.7263835012],[0.6907889499],[0.6483959264],[0.6378068445],[0.6518568278],[0.6435900284],[0.5224507285],[0.7010701035],[0.6199454048],[0.6270617074],[0.6654733966],[0.6548694874],[0.6718974855],[0.718342266],[0.7248466489],[0.7660062303],[0.784156296],[1.3422049435],[1.3155145551],[1.3387845236],[1.3450574449],[1.3365779752],[1.3441141008],[1.3413135356],[1.3416901886],[1.3273197475],[1.3460274744],[1.3458962134],[1.3395194533],[1.348637052],[1.3147483495],[1.3404329731],[1.3154705362],[1.3410763772],[1.347834352],[1.3211416084],[1.3389588666]],"8":[[0.8292527669],[0.7741775455],[0.7424666482],[0.7282495826],[0.7040893384],[0.6607858324],[0.659808403],[0.6428869138],[0.6383821723],[0.5485268404],[0.7083338648],[0.6370204899],[0.6526639651],[0.6476645144],[0.6788627756],[0.6992716888],[0.7249105897],[0.7174530603],[0.7744304219],[0.7796287153],[1.3439799082],[1.3393938232],[1.3493112057],[1.3447087352],[1.3449806942],[1.3442562945],[1.3401426619],[1.3454113956],[1.3419896093],[1.3361215414],[1.3356410294],[1.3192788748],[1.3429031464],[1.3248666317],[1.3455130945],[1.3463873962],[1.3217925239],[1.3206933392],[1.3444627983],[1.3198388918]],"9":[[0.831834007],[0.7711162294],[0.7416792113],[0.7207814349],[0.6788418368],[0.6600485237],[0.6403460758],[0.6296282237],[0.6179708563],[0.6211513344],[0.7020753712],[0.6425037328],[0.6555462698],[0.6436466542],[0.6541347143],[0.6899259596],[0.7034179197],[0.7450341174],[0.7668885204],[0.7759311521],[1.3478671151],[1.3191993392],[1.3362015405],[1.3375079091],[1.341454071],[1.3401405235],[1.3219879913],[1.3213059353],[1.3409157501],[1.3446287358],[1.3151815852],[1.3431121648],[1.3443732657],[1.3456981135],[1.3152490894],[1.3439626407],[1.3403694829],[1.3452362984],[1.3466316912],[1.3417947189]]},"training_cost":{"0":[0.00010272,0.0000094538,0.0001062256,0.0000039042,0.0001062256,0.0000301968,0.0000002724,0.0000006173,0.0000000219,0.0000006173,0.0000002216,0.0000000003,0.0000000334,0.000000015],"1":[0.0001029592,0.0000095498,0.0001053555,0.0000038153,0.0001053555,0.0000298709,0.0000002517,0.0000006464,0.000000028,0.0000006464,0.0000002396,0.0,0.0000000265,0.0000000106],"2":[0.0001042491,0.0000100718,0.000100784,0.0000033573,0.000100784,0.0000281621,0.0000001549,0.0000008136,0.000000073,0.0000003479,0.0000000115,0.0000000033,0.0000000504,0.0000000269],"3":[0.0001035245,0.0000097776,0.0001033271,0.0000036101,0.0001033271,0.0000291119,0.0000002062,0.0000007176,0.0000000452,0.0000002847,0.0000000024,0.0000000136,0.0000000032],"4":[0.0001008211,0.0000087022,0.0001133935,0.0000046571,0.0000328888,0.0000004686,0.0000004078,0.0000015718,0.0000001025,0.0,0.0000001163,0.0000000298,0.0000000098],"5":[0.0001052904,0.0000104988,0.0000972376,0.0000030136,0.0000972376,0.0000268409,0.0000000945,0.0000009607,0.0000010039,0.0000000007,0.0000001239,0.0000000362,0.0000000063],"6":[0.0001042884,0.0000100878,0.0001006481,0.0000033439,0.0001006481,0.000000819,0.0000043525,0.0000000746,0.0000001523,0.000000003,0.0000001523,0.0000000122,0.0000000259],