{"exe_time":{"0":126.1664633751,"1":125.235455513,"2":124.8667097092,"3":128.0815470219,"4":124.141753912,"5":126.2132720947,"6":126.90903759,"7":129.4461467266,"8":127.3937969208,"9":125.9231100082,"10":123.0673980713,"11":126.8317985535,"12":126.8446428776,"13":124.4543349743,"14":127.1349375248,"15":126.5042402744,"16":126.0159900188,"17":127.2372763157,"18":125.0813674927,"19":126.0706248283,"20":123.5908987522,"21":123.2815275192,"22":124.6629776955,"23":126.0708096027,"24":125.1174612045},"rmse":{"0":0.0976825275,"1":0.0986184369,"2":0.1000049416,"3":0.0951355141,"4":0.0978377041,"5":0.0992137533,"6":0.0973232231,"7":0.0971280808,"8":0.0986844321,"9":0.0985318579,"10":0.0984598227,"11":0.0971531964,"12":0.0977079382,"13":0.0977980572,"14":0.0991028475,"15":0.0995868537,"16":0.0980515416,"17":0.0984178832,"18":0.0972653231,"19":0.0975683396,"20":0.0981128254,"21":0.0992570116,"22":0.0964202186,"23":0.0968137003,"24":0.0935308942},"RSS_q":{"0":0.3816750474,"1":0.389023844,"2":0.4000395337,"3":0.3620306421,"4":0.382888654,"5":0.393734754,"6":0.3788723904,"7":0.3773545628,"8":0.3895446858,"9":0.3883410809,"10":0.3877734674,"11":0.3775497425,"12":0.3818736474,"13":0.3825783995,"14":0.392854975,"15":0.3967016574,"16":0.3845641925,"17":0.3874431895,"18":0.3784217229,"19":0.380783236,"20":0.3850450605,"21":0.3940781741,"22":0.3718743421,"23":0.374915703,"24":0.349921127},"weights":{"0":[[-0.0063884618],[0.1064405132],[0.3436807961],[0.4721103573],[0.4836504614],[0.6350636966],[0.8044866171],[1.1521109915],[1.1705651322],[1.356820982],[1.7802643598],[1.5754797244],[1.5865606348],[1.5768776878],[1.5789000642],[1.5802990889],[1.5836502128],[1.5827177309],[1.5803118652],[1.560397716]],"1":[[-0.0001725478],[0.204380501],[0.3422729845],[0.3305100046],[0.486880587],[0.6409121745],[0.9652431377],[0.9506035672],[1.1660181227],[1.3415647395],[1.7861789525],[1.5841090366],[1.5776298284],[1.5778428952],[1.57661514],[1.5622183937],[1.5546703804],[1.5862114118],[1.5782243916],[1.5802124323]],"2":[[-0.0233107516],[0.0987434536],[0.348227897],[0.4877529104],[0.4786236266],[0.6364844223],[0.7968420738],[0.9515572758],[1.1603354227],[1.3321733957],[1.7804965339],[1.5785440335],[1.5810235736],[1.5604835867],[1.5831678865],[1.5581566729],[1.5748953925],[1.5806325232],[1.5853582302],[1.5869730127]],"3":[[-0.0059236682],[0.2041976448],[0.2162451465],[0.4681676096],[0.6425161847],[0.6362227941],[0.7777520568],[0.9746759526],[1.1717246144],[1.3448175422],[1.5580115065],[1.5843332114],[1.5770381817],[1.576493246],[1.5744265123],[1.5786045273],[1.5799760254],[1.5634619393],[1.5556117372],[1.5876184089]],"4":[[-0.016006754],[0.2219861525],[0.3221465862],[0.4701919628],[0.6126440764],[0.6348791969],[0.7751680936],[1.1538128911],[1.1383962134],[1.345799806],[1.7580662574],[1.5772586788],[1.5744968866],[1.5777234142],[1.5757042108],[1.5566011396],[1.5834173435],[1.5774270922],[1.5579512094],[1.5881184544]],"5":[[-0.0154654591],[0.0989572044],[0.3286497858],[0.4630914016],[0.4644937519],[0.6306228118],[0.8011043],[0.9500834204],[1.1628802465],[1.3631850162],[1.7740724498],[1.5819335199],[1.5631271304],[1.5793821633],[1.5784828415],[1.5796049878],[1.5807656174],[1.5795889661],[1.5842577639],[1.5804810036]],"6":[[-0.0016401758],[0.221478191],[0.3448018545],[0.463377499],[0.6160543982],[0.6362731937],[0.8044760348],[0.9498987281],[1.1697151172],[1.3627819984],[1.7843807395],[1.5639191233],[1.5754924208],[1.5812242428],[1.5795856787],[1.559581578],[1.5538811013],[1.5831820417],[1.5841500362],[1.560387007]],"7":[[0.0873775633],[0.1972943401],[0.3538328284],[0.4705195045],[0.6354366465],[0.6316588631],[0.7767384447],[1.1658263554],[1.1653718255],[1.3546530386],[1.7604716205],[1.5749973786],[1.5839806165],[1.5658610435],[1.5831220166],[1.5759287093],[1.5815357048],[1.5582125779],[1.5830780002],[1.5633130741]],"8":[[-0.0230266594],[0.0970431498],[0.3530780955],[0.4655111912],[0.6144312106],[0.6379596668],[0.7952800748],[0.9624363695],[1.1684621811],[1.335443134],[1.7645287308],[1.5661367539],[1.5604062329],[1.5752730667],[1.5795307198],[1.5794130435],[1.5660763654],[1.5848296585],[1.5769506711],[1.5834021211]],"9":[[-0.0068859484],[0.1954305621],[0.2144602469],[0.4613421071],[0.4561838381],[0.630813933],[0.7861773153],[1.1656042133],[1.168744981],[1.3438390841],[1.7855603867],[1.5788377983],[1.5776154067],[1.5805167192],[1.5603555413],[1.5600578041],[1.5806655139],[1.5865125028],[1.586030449],[1.5630089758]],"10":[[-0.0143955628],[0.0985964771],[0.3515568107],[0.4710700338],[0.6446621428],[0.6361494557],[0.9669767264],[0.9839420139],[1.1680347184],[1.3571760859],[1.7802727468],[1.5764178237],[1.5632483467],[1.5847756026],[1.5794029709],[1.5837918464],[1.5774031749],[1.5761576001],[1.5781938499],[1.5781374525]],"11":[[-0.0037687488],[0.2170955698],[0.3511457117],[0.4714738843],[0.6450024418],[0.6323650298],[0.9552103143],[0.9797705149],[1.1685475383],[1.3566347906],[1.7647406777],[1.5845329908],[1.5749823773],[1.5797064315],[1.586347245],[1.563732912],[1.5756711568],[1.5827994789],[1.5772307961],[1.5630539525]],"12":[[0.0007024891],[0.097700677],[0.3204471513],[0.4852232843],[0.6467081694],[0.6320377314],[0.7827299082],[1.162019026],[1.1680846021],[1.339595782],[1.7621635488],[1.5830001271],[1.5793049046],[1.5809812922],[1.5810412399],[1.5576388167],[1.5814207376],[1.5807948583],[1.5631784435],[1.5769407918]],"13":[[-0.0148444525],[0.1999727941],[0.3434181699],[0.3250726457],[0.4900024811],[0.6380202667],[0.9670370877],[0.9573504856],[1.159376639],[1.33394992],[1.7541561436],[1.5790900123],[1.5651916864],[1.5781841861],[1.5776755714],[1.5834087192],[1.5589444045],[1.5866451248],[1.5790416871],[1.5653998902]],"14":[[-0.0181528376],[0.2184797751],[0.3470974168],[0.4628745105],[0.6236949443],[0.6101015434],[0.8023103768],[1.1663888776],[1.1708390127],[1.3344725572],[1.7871325469],[1.5581610862],[1.584430099],[1.5633235347],[1.5766813696],[1.5622626811],[1.584435763],[1.578345696],[1.5777667575],[1.5808129165]],"15":[[-0.0017760049],[0.2175418439],[0.354714653],[0.4618659424],[0.618510473],[0.6090908541],[0.9673415194],[1.1532124493],[1.1366815209],[1.3335901962],[1.7851158578],[1.5643251222],[1.5773615382],[1.5788776883],[1.584239781],[1.5819335326],[1.581531428],[1.5858591237],[1.577049853],[1.5773456618]],"16":[[-0.0154184505],[0.1067006459],[0.3444165753],[0.4688115752],[0.6145490678],[0.6399763682],[0.8078015567],[0.9740386015],[1.1715636544],[1.3419180906],[1.7854248086],[1.57565821],[1.5779425422],[1.5607492472],[1.5864628672],[1.5771384432],[1.5664168607],[1.5593503855],[1.5841576857],[1.5819896093]],"17":[[-0.0207970666],[0.0792292625],[0.3450091511],[0.4721763623],[0.483772358],[0.6351308257],[0.7805033189],[0.9775663224],[1.1617621725],[1.3613231135],[1.7807204457],[1.5832699822],[1.5562320098],[1.5747975383],[1.5802988801],[1.5802574146],[1.5833519531],[1.5779036493],[1.5796049878],[1.5624539506]],"18":[[-0.0219882461],[0.1989885219],[0.3462762508],[0.46518596],[0.6221859306],[0.6313340293],[0.9575473329],[0.9607791995],[1.1425098226],[1.3620138396],[1.7642979374],[1.5790538681],[1.5781881784],[1.5843607554],[1.5837387536],[1.5779351425],[1.561073084],[1.5765533532],[1.5610645652],[1.579126135]],"19":[[-0.0222333681],[0.2047107769],[0.3502537358],[0.4664445671],[0.6223215593],[0.7851488596],[0.9663071318],[1.1671123077],[1.1608674884],[1.3386771768],[1.7763872227],[1.5569665384],[1.5814749239],[1.5653998902],[1.5670708535],[1.5810221978],[1.5631784435],[1.5628414733],[1.5770971719],[1.5817678007]],"20":[[-0.0223533904],[0.2138368916],[0.220279288],[0.4634293919],[0.615749363],[0.7767196817],[0.7847667293],[1.1474116464],[1.1644044539],[1.3409491239],[1.778813298],[1.5771187919],[1.5794123931],[1.5825813201],[1.5774206724],[1.5828272939],[1.5815970925],[1.5783975185],[1.5648261708],[1.5822178908]],