{"exe_time":{"0":553.519005537,"1":378.4832744598,"2":335.2020494938,"3":397.4741535187,"4":345.3766803741,"5":365.348297596,"6":338.7993049622,"7":589.6936471462,"8":399.3280723095,"9":287.2361555099},"rmse":{"0":0.2137143103,"1":0.2141677461,"2":0.214191461,"3":0.2146341935,"4":0.21403677,"5":0.2144808918,"6":0.2042059244,"7":0.215039782,"8":0.2125102198,"9":0.2135260601},"RSS_q":{"0":3.6539045128,"1":3.6694258772,"2":3.6702385572,"3":3.6854269605,"4":3.6649391116,"5":3.6801642371,"6":3.3360047653,"7":3.6993686262,"8":3.6128474803,"9":3.6474702665},"weights":{"0":[[5.8438403131],[5.8807063078],[5.9229353766],[5.9258120112],[-0.3304670092],[-0.3069013612],[-0.2464474237],[-0.2298739347],[-0.1953181893],[-0.17376083],[-0.138716495],[-0.1137605449],[-0.1097383215],[-0.0685124408],[-0.0551067746],[-0.0287014763],[-0.0148138222],[-0.0208468536],[-0.0109350848],[-0.0085993531],[0.0067982882],[-0.0177172691],[-0.0251430678],[-0.0166673257],[-0.0461500487],[-0.0959583503],[-0.1117174477],[-0.1577729793],[-0.2038386696],[-0.2597700918],[-0.3447755569],[-0.3861888821],[-0.4808871786],[-0.5266166001],[-0.6129493356],[-0.6680221265],[-0.7516858232],[-0.8246728558],[-0.8591790767],[-0.924271755]],"1":[[5.8465805185],[5.8802227739],[5.9004643485],[5.9435696056],[-0.3274640661],[-0.2830370945],[-0.2809073601],[-0.2317845964],[-0.2034966117],[-0.1911953894],[-0.13877598],[-0.1130734877],[-0.1220142381],[-0.067735356],[-0.068739806],[-0.0373973616],[-0.0356699653],[-0.0218263667],[-0.0161555172],[-0.0087540994],[0.0039161318],[0.0110009448],[-0.0095025502],[-0.0172326829],[-0.0512606196],[-0.0817372876],[-0.1141510939],[-0.1520753635],[-0.2222990092],[-0.2662621816],[-0.3440542139],[-0.3902659634],[-0.4777142388],[-0.5225054562],[-0.594392978],[-0.6671353681],[-0.7342842308],[-0.8155882626],[-0.8853696376],[-0.9422479729]],"2":[[5.8491230756],[5.8950838858],[5.9237381724],[5.9287552739],[-0.3017570339],[-0.2856166481],[-0.2739217643],[-0.2284352885],[-0.199411345],[-0.1695066783],[-0.1444941382],[-0.1473698658],[-0.1118504053],[-0.0915429763],[-0.0705104692],[-0.0385448703],[-0.0429801303],[-0.0082330301],[-0.0011908564],[-0.0091704062],[-0.0076107319],[-0.0166192041],[-0.0246228615],[-0.030169384],[-0.0669390777],[-0.0985744286],[-0.1116335959],[-0.1552834554],[-0.2000967292],[-0.2575360801],[-0.3417029867],[-0.4049988827],[-0.4568821716],[-0.546362948],[-0.6151934461],[-0.6642272729],[-0.7327534922],[-0.7952057035],[-0.8819910369],[-0.9217501987]],"3":[[5.8451066037],[5.8960787386],[5.9047431289],[5.9246100879],[-0.3233466827],[-0.2783360697],[-0.2704008242],[-0.251112183],[-0.1968340881],[-0.1778599778],[-0.1465189132],[-0.1202631228],[-0.112267728],[-0.0935601021],[-0.0491448428],[-0.0308499638],[-0.0193791634],[-0.0223299158],[-0.0135037106],[-0.0106575331],[-0.0150420737],[-0.0174538751],[-0.0257451755],[-0.0299172772],[-0.0497045549],[-0.0708831605],[-0.1177434351],[-0.1600849774],[-0.2277442761],[-0.2658952249],[-0.3479650872],[-0.4061795915],[-0.4509277314],[-0.5209874483],[-0.6196293318],[-0.668460454],[-0.7324738542],[-0.8197836073],[-0.8585996682],[-0.9402131951]],"4":[[5.8464738843],[5.8999703958],[5.9215914773],[5.9252415953],[-0.3124092308],[-0.2731286846],[-0.2747107167],[-0.2212609663],[-0.2165521051],[-0.1763307703],[-0.1503259767],[-0.1145191398],[-0.1154923176],[-0.0722315988],[-0.0665631169],[-0.0552928234],[-0.0333194379],[-0.0084335283],[-0.0168996068],[0.0108558226],[-0.0108417578],[-0.0154536023],[-0.0240294791],[-0.023275063],[-0.0677350563],[-0.0757771136],[-0.1111855806],[-0.1635635986],[-0.2282152123],[-0.2853676972],[-0.3453978816],[-0.3918880898],[-0.4576562449],[-0.521028596],[-0.6127737577],[-0.6690049255],[-0.7509353403],[-0.8248533904],[-0.8832002912],[-0.9188365313]],"5":[[5.8482646847],[5.8919384436],[5.9006756822],[5.9263106023],[-0.3114258224],[-0.2772451444],[-0.2684623619],[-0.2286660754],[-0.2209315092],[-0.1699001611],[-0.168793384],[-0.1241517757],[-0.1233577261],[-0.0867897531],[-0.056025977],[-0.0310877913],[-0.0127110697],[-0.0057249769],[-0.0174389348],[-0.0058979793],[-0.0140276965],[0.0042809878],[-0.0217635507],[-0.0304262497],[-0.0453709529],[-0.0933041985],[-0.1118059648],[-0.1829568502],[-0.2017499665],[-0.257058792],[-0.3431649784],[-0.3876049109],[-0.4531596461],[-0.5215613456],[-0.5922670262],[-0.6641784539],[-0.7349869825],[-0.8168352441],[-0.8870004342],[-0.9289816018]],"6":[[5.8779173847],[5.8901604156],[5.916997086],[-0.3541655275],[-0.3293453671],[-0.2789706823],[-0.2699975258],[-0.2287717897],[-0.2244148297],[-0.1661251987],[-0.144892952],[-0.1127839381],[-0.1179330372],[-0.0931033901],[-0.0701302823],[-0.0587536885],[-0.0175866705],[-0.0269278486],[-0.0129050317],[-0.0089329227],[-0.0121777314],[-0.0097483073],[-0.0275554075],[-0.0403637591],[-0.062322537],[-0.0936151524],[-0.1382754717],[-0.1622168158],[-0.1997922286],[-0.289015523],[-0.3426672549],[-0.3851179072],[-0.4517260908],[-0.5250118809],[-0.5907652611],[-0.6653384599],[-0.739304954],[-0.8261168853],[-0.883427676],[-0.9509190976]],"7":[[5.8487045481],[5.8898359831],[5.9034963109],[5.9290536149],[-0.3097474817],[-0.2857916029],[-0.2762041798],[-0.2276871739],[-0.2181720407],[-0.1690573843],[-0.146742023],[-0.1162026667],[-0.1162265726],[-0.0965198179],[-0.0561882601],[-0.0535198428],[-0.02199968],[-0.0274580673],[-0.0149408036],[-0.016970047],[-0.0099962436],[-0.0140276965],[-0.0251249075],[-0.0293662214],[-0.0526131126],[-0.1024121658],[-0.1177534922],[-0.1629028354],[-0.2322946678],[-0.2628321214],[-0.3429085038],[-0.3906611052],[-0.47410479],[-0.5400547709],[-0.5984919683],[-0.6648583472],[-0.751598777],[-0.8192706477],[-0.888354952],[-0.9298644459]],"8":[[5.8653786403],[5.902681305],[5.9206217986],[5.9539072035],[-0.3052297302],[-0.2780913627],[-0.2673241719],[-0.2243195435],[-0.2152755557],[-0.1667854889],[-0.1377506651],[-0.1190834324],[-0.115402778],[-0.0968033899],[-0.0479682033],[-0.0378289548],[-0.0213718781],[-0.00937287],[-0.0185594485],[0.0149600216],[-0.0083280184],[-0.0155847474],[-0.0326114943],[-0.0235128498],[-0.0635103252],[-0.0744648686],[-0.1101926939],[-0.1592838751],[-0.2278030868],[-0.265309978],[-0.3457320094],[-0.3921439291],[-0.4788672232],[-0.5212202145],[-0.5868016293],[-0.6892608946],[-0.733575194],[-0.8256834022],[-0.8829934906],[-0.9475239476]],"9":[[5.8779510687],[5.9002124036],[5.9041361593],[5.9557870877],[-0.3135986133],[-0.3046496313],[-0.2547858537],[-0.2196050439],[-0.2231946608],[-0.1773803741],[-0.1720510717],[-0.1173538868],[-0.0966310761],[-0.0951539584],[-0.0736297205],[-0.0326358004],[-0.0166701647],[-0.0277834218],[-0.0112107519],[0.0062033789],[-0.0068750658],[-0.0173418873],[-0.0108284048],[-0.0506424847],[-0.0626417166],[-0.1017328146],[-0.119236381],[-0.1519524486],[-0.2316787864],[-0.2624151018],[-0.3480086737],[-0.4138255378],[-0.4521102527],[-0.5446429304],[-0.5910438869],[-0.6614048731],[-0.7576139209],[-0.8037286663],[-0.8823889048],[-0.9236769242]]},"training_cost":{"0":[0.0000415894,0.0001823804,0.0000002492,0.0001710896,0.0000284699,0.0000020502,0.0000024331,0.0,0.0000002436,0.000000063,0.0000000143,0.000000007],"1":[0.0000417568,0.0001828428,0.000000233,0.0001699808,0.0000102514,0.0000072116,0.0000002592,0.0000010059,0.0000000524,0.0000000004,0.0000000711,0.0000000208,0.0000000034],"2":[0.0000409736,0.0001806812,0.0000003143,0.000175248,0.0000294112,0.0000018962,0.0000026432,0.000000003,0.0000001899,0.000000037,0.0000000323,0.0000000006,0.0000000108],"3":[0.0000401807,0.0001784966,0.0000004106,0.0001807961,0.0000306666,0.0000017046,0.0000029306,0.0000000175,0.00000013,0.0000000134,0.000000057,0.0000000014,0.0000000018],"4":[0.0000420399,0.0001836248,0.0000002068,0.0001681276,0.0000277992,0.0000021656,0.0000022865,0.0000000023,0.0000002866,0.0000000861,0.0000000058,0.0000000161],"5":[0.000041201,0.0001813085,0.0000002893,0.0001736972,0.0000290602,0.0000019525,0.0000025643,0.0000000011,0.000000209,0.0000000458,0.0000000248,0.0000000022],